value;params_C;params_class_weight;params_max_iter;params_penalty;params_solver;params_tol;scaled;pca
0.642857143;7.43E-05;balanced;237;l2;liblinear;4.33E-05;0;0
0.681818182;2984.419555;balanced;459;l1;saga;0.014220741;0;0
0.642857143;0.005159358;balanced;644;l2;saga;0.028667082;0;0
0.707792208;0.211792474;;439;l1;saga;0.001375478;0;0
0.649350649;0.001149741;;723;l1;saga;0.063561839;0;0
0.642857143;0.000186492;;612;l1;liblinear;1.02E-05;0;0
0.720779221;37.48146202;;592;l2;saga;0.000593852;0;0
0.688311688;18552.55296;balanced;189;l2;liblinear;0.05682885;0;0
0.75974026;5.282898014;;723;l2;liblinear;4.23E-05;0;0
0.733766234;442.5411961;;972;l2;saga;1.61E-05;0;0
0.701298701;524.1579309;;801;l2;saga;0.004243725;0;0
0.649350649;11.60582741;balanced;479;l1;saga;0.007947581;0;0
0.694805195;3248.354731;balanced;1000;l1;liblinear;0.000294249;0;0
0.688311688;19.84905566;balanced;800;l2;liblinear;0.056868567;0;0
0.694805195;0.00468907;balanced;276;l2;liblinear;0.001945466;0;0
0.681818182;0.000510349;balanced;538;l2;saga;0.000158627;0;0
0.694805195;3503.524495;balanced;273;l1;saga;0.000644777;0;0
0.688311688;32098.0205;;902;l2;saga;0.018789568;0;0
0.714285714;0.045169296;;785;l1;saga;1.43E-05;0;0
0.694805195;12843.9242;balanced;361;l2;liblinear;2.33E-05;0;0
0.701298701;315.4275589;;236;l2;saga;0.000115495;0;0
0.753246753;19585.16907;;128;l1;liblinear;0.003231647;0;0
0.590909091;0.001465933;balanced;787;l1;saga;0.007411331;0;0
0.753246753;1296.034297;;804;l1;liblinear;0.000278605;0;0
0.753246753;40.48677664;;178;l1;liblinear;0.00024232;0;0
0.707792208;0.007853333;balanced;811;l2;liblinear;4.93E-05;0;0
0.701298701;0.035306409;;741;l1;saga;0.000158266;0;0
0.720779221;3223.81763;;979;l1;saga;0.000684355;0;0
0.688311688;0.171529739;;643;l2;liblinear;0.046154569;0;0
0.701298701;0.000662538;;405;l2;liblinear;0.00027834;0;0
0.733766234;0.159023123;balanced;970;l2;liblinear;1.71E-05;0;0
0.753246753;63.28773215;;942;l1;liblinear;0.000167221;0;0
0.694805195;32340.95101;balanced;823;l1;liblinear;0.000518235;0;0
0.688311688;8.244505783;;825;l1;saga;0.033586628;0;0
0.753246753;2.003109506;;979;l1;liblinear;7.68E-05;0;0
0.681818182;9.94E-05;;313;l2;liblinear;6.29E-05;0;0
0.694805195;8856.56897;balanced;141;l2;liblinear;2.05E-05;0;0
0.688311688;3.516065283;;968;l2;saga;0.035669521;0;0
0.753246753;8797.482222;;507;l2;liblinear;1.17E-05;0;0
0.772727273;0.356944714;;665;l2;liblinear;0.001689976;0;0
0.75974026;3.804294644;;573;l1;liblinear;0.007328052;0;0
0.74025974;0.057796604;;406;l2;liblinear;0.003453722;0;0
0.688311688;13.14921119;;424;l2;liblinear;0.037166654;0;0
0.538961039;1.10E-05;balanced;542;l2;saga;0.039489728;0;0
0.623376623;0.001568198;balanced;852;l1;saga;0.000110901;0;0
0.649350649;0.335618968;balanced;405;l1;saga;0.008019929;0;0
0.636363636;880.0800271;balanced;173;l1;saga;0.042762505;0;0
0.694805195;3341.329254;balanced;516;l2;saga;0.000690379;0;0
0.675324675;0.000489442;balanced;420;l2;saga;0.002056096;0;0
0.707792208;83.13026119;;348;l2;saga;0.000351512;0;0
0.714285714;0.444066538;balanced;911;l1;liblinear;0.000402213;0;0
0.714285714;41107.18377;;400;l2;saga;1.12E-05;0;0
0.675324675;2039.435858;;876;l2;saga;0.020980739;0;0
0.701298701;4.513388555;;144;l2;saga;0.002179317;0;0
0.636363636;5.40E-05;balanced;918;l2;saga;5.78E-05;0;0
0.720779221;0.172199726;balanced;509;l1;liblinear;0.000351013;0;0
0.753246753;5.395844886;;948;l1;liblinear;0.030494839;0;0
0.694805195;56.23239674;balanced;170;l2;saga;0.003303224;0;0
0.753246753;2.308430223;;751;l1;liblinear;0.000169782;0;0
0.675324675;0.015350784;;782;l1;saga;0.007304944;0;0
0.720779221;1793.634139;;598;l2;saga;8.65E-05;0;0
0.694805195;9996.318986;balanced;545;l2;liblinear;0.000101955;0;0
0.714285714;3.019854165;;490;l1;saga;0.000243761;0;0
0.675324675;0.017430909;balanced;954;l1;liblinear;0.011946656;0;0
0.688311688;13250.20716;;975;l2;saga;0.006055356;0;0
0.681818182;0.006724177;;661;l2;saga;0.013122554;0;0
0.701298701;1.203945557;balanced;361;l2;saga;0.000633984;0;0
0.642857143;0.000862061;;284;l1;liblinear;0.003029765;0;0
0.707792208;294.1702921;;332;l1;saga;0.001565986;0;0
0.714285714;29.12907044;;415;l2;saga;0.000150631;0;0
0.694805195;39062.4534;balanced;784;l2;liblinear;2.65E-05;0;0
0.688311688;0.002251934;;864;l2;liblinear;0.070390556;0;0
0.75974026;27.24483317;;279;l1;liblinear;0.019466468;0;0
0.727272727;0.020786476;;871;l2;liblinear;0.01109972;0;0
0.694805195;0.093965602;balanced;242;l2;saga;0.000510742;0;0
0.701298701;21.13581432;;155;l2;saga;0.000848839;0;0
0.720779221;0.576361341;;711;l2;saga;0.000709837;0;0
0.655844156;40035.14684;balanced;846;l1;saga;0.022352841;0;0
0.642857143;0.000295869;;813;l1;saga;0.040576728;0;0
0.694805195;1069.295374;;517;l2;saga;0.084975671;0;0
0.707792208;2056.394506;balanced;307;l1;liblinear;0.010056935;0;0
0.688311688;0.000626306;balanced;202;l2;liblinear;0.001489161;0;0
0.694805195;0.002868742;;413;l1;liblinear;3.38E-05;0;0
0.642857143;0.000130068;;524;l1;liblinear;0.023818467;0;0
0.642857143;1.68E-05;;964;l1;liblinear;0.000492654;0;0
0.584415584;1.37E-05;balanced;797;l2;saga;0.00390417;0;0
0.681818182;0.000551173;balanced;483;l2;liblinear;0.001666107;0;0
0.701298701;28.95590561;balanced;148;l2;liblinear;0.034596588;0;0
0.694805195;2447.697012;balanced;999;l1;saga;0.000673425;0;0
0.707792208;0.018329885;balanced;930;l2;liblinear;0.026239437;0;0
0.675324675;3.80094395;balanced;813;l2;saga;0.013793023;0;0
0.681818182;0.024345525;balanced;735;l1;liblinear;0.003327348;0;0
0.694805195;4839.239313;balanced;555;l1;liblinear;0.002518482;0;0
0.753246753;287.1614796;;685;l2;liblinear;2.61E-05;0;0
0.694805195;16.10524051;balanced;434;l1;liblinear;0.00044959;0;0
0.707792208;13.6043393;balanced;577;l1;liblinear;0.027936811;0;0
0.75974026;5.582399373;;446;l1;liblinear;0.022627756;0;0
0.694805195;7979.770824;;950;l1;saga;0.005498275;0;0
0.720779221;0.00298848;;672;l2;liblinear;0.017416409;0;0
0.753246753;21.50862268;;208;l2;liblinear;7.34E-05;0;0
0.694805195;83.90788888;balanced;415;l2;liblinear;0.000556986;0;0
0.694805195;0.065786364;balanced;697;l1;saga;0.000142849;0;0
0.675324675;170.8842293;;603;l2;saga;0.007584082;0;0
0.753246753;106.6881907;;134;l2;liblinear;0.000126558;0;0
0.694805195;1622.897411;balanced;131;l1;liblinear;0.000161746;0;0
0.753246753;24011.20557;;513;l1;liblinear;2.68E-05;0;0
0.655844156;0.00751839;balanced;684;l1;saga;1.91E-05;0;0
0.694805195;0.003819547;balanced;620;l2;liblinear;5.86E-05;0;0
0.694805195;30946.93331;balanced;231;l2;liblinear;0.001248221;0;0
0.694805195;0.412020159;balanced;757;l1;saga;0.003697555;0;0
0.694805195;156.8995888;;113;l1;saga;0.00152087;0;0
0.662337662;0.124691392;balanced;198;l1;saga;0.009969054;0;0
0.694805195;3932.279256;balanced;122;l2;liblinear;0.000167298;0;0
0.701298701;0.003071878;;369;l2;saga;0.001004524;0;0
0.720779221;29.21444551;;883;l2;saga;0.000468571;0;0
0.642857143;0.000478153;;573;l1;liblinear;1.94E-05;0;0
0.694805195;1164.082484;balanced;583;l2;saga;0.002616971;0;0
0.707792208;2297.920448;balanced;444;l2;liblinear;0.004511564;0;0
0.753246753;12057.94486;;978;l2;liblinear;0.001162381;0;0
0.753246753;409.1129686;;446;l2;liblinear;0.001806219;0;0
0.714285714;1.999973941;balanced;145;l1;liblinear;0.024441923;0;0
0.694805195;37.23049842;balanced;584;l2;liblinear;0.000458302;0;0
0.577922078;0.001442984;balanced;919;l1;saga;0.007926817;0;0
0.694805195;25704.72916;balanced;692;l2;saga;0.00325654;0;0
0.62987013;0.000733972;balanced;581;l2;saga;0.051210038;0;0
0.701298701;321.2299076;;243;l1;saga;1.86E-05;0;0
0.74025974;575.6981201;;860;l2;liblinear;0.012026125;0;0
0.753246753;94.90349572;;443;l1;liblinear;2.61E-05;0;0
0.694805195;0.001179602;balanced;874;l2;saga;3.62E-05;0;0
0.753246753;27.1670473;;591;l2;liblinear;4.62E-05;0;0
0.694805195;1293.513896;balanced;175;l2;saga;0.000253832;0;0
0.785714286;0.07161158;;774;l1;liblinear;0.000265188;0;0
0.688311688;0.002359363;;878;l1;liblinear;3.98E-05;0;0
0.701298701;259.3820815;balanced;992;l1;saga;0.000465293;0;0
0.753246753;161.9273349;;966;l1;liblinear;6.93E-05;0;0
0.642857143;0.000148982;;142;l1;liblinear;0.007992188;0;0
0.694805195;26.84675438;balanced;800;l1;liblinear;0.000355268;0;0
0.720779221;13494.31844;;601;l1;saga;0.000214856;0;0
0.707792208;5901.28648;balanced;963;l1;saga;2.90E-05;0;0
0.707792208;0.364581493;;387;l1;saga;4.76E-05;0;0
0.707792208;29.46051703;;769;l1;saga;0.000757019;0;0
0.681818182;0.600796851;;754;l2;saga;0.04837174;0;0
0.688311688;0.014610951;;192;l2;liblinear;0.059980783;0;0
0.694805195;31129.82563;balanced;505;l1;saga;0.000272118;0;0
0.62987013;1.368216324;balanced;564;l2;saga;0.080094371;0;0
0.701298701;0.011802545;balanced;959;l2;saga;0.000170136;0;0
0.688311688;0.192544111;;757;l1;saga;0.072757608;0;0
0.435064935;0.000939699;balanced;403;l1;saga;0.034020575;0;0
0.675324675;0.001913991;balanced;426;l2;saga;0.005079628;0;0
0.733766234;0.039895645;;1000;l2;liblinear;0.004815147;0;0
0.701298701;15429.57561;balanced;475;l1;liblinear;0.004355341;0;0
0.642857143;0.000287093;;457;l1;saga;1.53E-05;0;0
0.701298701;1103.867372;balanced;390;l1;saga;0.000720695;0;0
0.714285714;0.00407844;;920;l2;saga;3.79E-05;0;0
0.688311688;0.040635986;;423;l2;liblinear;0.058464512;0;0
0.655844156;0.016598456;balanced;619;l2;saga;0.023568392;0;0
0.707792208;0.002356342;;995;l2;liblinear;5.20E-05;0;0
0.649350649;0.000200249;balanced;546;l2;liblinear;0.000408375;0;0
0.772727273;0.295107481;;333;l1;liblinear;0.055313488;0;0
0.694805195;15.463032;balanced;264;l2;saga;3.39E-05;0;0
0.701298701;67.25330704;balanced;193;l2;liblinear;0.035758759;0;0
0.701298701;142.1747602;;188;l1;saga;0.00048355;0;0
0.701298701;4382.478374;balanced;800;l1;saga;0.000189031;0;0
0.753246753;2734.685217;;868;l2;liblinear;4.58E-05;0;0
0.701298701;0.341662749;balanced;893;l1;saga;6.34E-05;0;0
0.636363636;0.012986432;balanced;987;l2;saga;0.091723597;0;0
0.753246753;38699.07341;;556;l1;liblinear;0.000345063;0;0
0.714285714;1356.919253;;398;l2;saga;0.000376613;0;0
0.357142857;0.000360726;balanced;751;l1;saga;0.000233235;0;0
0.694805195;0.051971588;balanced;420;l1;saga;0.001961289;0;0
0.753246753;68.87373952;;199;l1;liblinear;0.005862832;0;0
0.688311688;0.237131685;balanced;150;l1;saga;1.15E-05;0;0
0.753246753;1.396414017;;595;l1;liblinear;0.000130463;0;0
0.701298701;118.0270461;balanced;322;l1;saga;0.001726947;0;0
0.75974026;0.920164077;;438;l2;liblinear;0.000131146;0;0
0.720779221;0.149992716;balanced;585;l1;liblinear;3.42E-05;0;0
0.707792208;56132.6537;balanced;303;l1;liblinear;0.034673392;0;0
0.714285714;0.024504911;;911;l1;liblinear;1.46E-05;0;0
0.642857143;0.000764151;;875;l1;liblinear;0.000358289;0;0
0.701298701;0.003422055;;770;l1;liblinear;0.002300742;0;0
0.727272727;0.020497122;;837;l2;liblinear;0.018954369;0;0
0.623376623;3.81E-05;balanced;932;l2;liblinear;0.007467684;0;0
0.655844156;46889.23878;balanced;681;l1;saga;0.019997284;0;0
0.753246753;8557.379849;;507;l1;liblinear;2.91E-05;0;0
0.75974026;0.148765488;;984;l1;liblinear;4.94E-05;0;0
0.694805195;0.83322716;balanced;760;l1;saga;0.002198158;0;0
0.701298701;0.912686603;;341;l1;saga;0.003515299;0;0
0.701298701;0.052044975;;981;l1;saga;0.002625422;0;0
0.701298701;24429.3411;balanced;346;l1;saga;1.18E-05;0;0
0.753246753;11.44802586;;524;l1;liblinear;0.000995013;0;0
0.707792208;1.924759823;balanced;969;l2;saga;9.58E-05;0;0
0.753246753;61.58189131;;676;l2;liblinear;0.00133261;0;0
0.688311688;2.058133268;balanced;535;l2;liblinear;0.043177775;0;0
0.642857143;9.66E-05;;201;l1;saga;0.005301645;0;0
0.701298701;0.00133733;;763;l2;saga;0.0002772;0;0
0.642857143;0.000181166;;209;l1;saga;2.77E-05;0;0
0.753246753;181.432539;;602;l1;liblinear;1.08E-05;0;0
0.714285714;2042.870904;;445;l1;saga;9.00E-05;0;0
0.642857143;3.340883338;balanced;717;l2;saga;0.031283865;0;0
0.727272727;1.189308955;;127;l2;liblinear;0.026824497;0;0
0.714285714;62.00200496;balanced;691;l2;liblinear;0.008254898;0;0
0.642857143;0.00010461;balanced;225;l1;saga;0.010158345;0;0
0.642857143;9.01E-05;balanced;377;l1;liblinear;0.000293065;0;0
0.688311688;53566.27232;;709;l2;liblinear;0.083751306;0;0
0.707792208;0.049941087;balanced;147;l1;liblinear;0.000140221;0;0
0.707792208;8.974260261;balanced;648;l2;liblinear;0.001551435;0;0
0.655844156;1.632620214;balanced;968;l1;saga;0.021684839;0;0
0.688311688;576.6234834;balanced;139;l2;saga;0.0005231;0;0
0.694805195;15651.76251;balanced;572;l1;saga;0.000267355;0;0
0.772727273;1702.325975;;446;l1;liblinear;0.041454338;0;0
0.642857143;0.000119649;balanced;707;l1;liblinear;0.010202007;0;0
0.707792208;71.06511848;;728;l2;saga;0.000750973;0;0
0.707792208;15740.33249;balanced;353;l1;liblinear;0.012249528;0;0
0.642857143;2.11E-05;balanced;737;l1;liblinear;5.61E-05;0;0
0.701298701;29.99659161;balanced;334;l1;liblinear;0.008293499;0;0
0.753246753;3826.902237;;580;l2;liblinear;0.005542692;0;0
0.701298701;189.7298225;balanced;744;l2;saga;1.25E-05;0;0
0.714285714;0.467867004;balanced;790;l1;liblinear;1.44E-05;0;0
0.688311688;17771.82956;balanced;112;l2;saga;4.43E-05;0;0
0.681818182;9114.82826;;493;l2;saga;0.063530994;0;0
0.694805195;0.007905924;balanced;259;l2;saga;0.002952472;0;0
0.707792208;6.497806651;;342;l2;saga;0.00012221;0;0
0.766233766;0.105002865;;368;l2;liblinear;7.77E-05;0;0
0.694805195;38389.74535;balanced;649;l2;liblinear;0.000600558;0;0
0.688311688;3.324793466;;612;l2;saga;0.075261598;0;0
0.694805195;47409.79065;;123;l1;saga;0.000215336;0;0
0.623376623;2.04E-05;balanced;440;l2;liblinear;1.13E-05;0;0
0.655844156;0.001596971;;995;l1;liblinear;0.001507611;0;0
0.701298701;0.039427338;balanced;209;l1;liblinear;0.000331253;0;0
0.714285714;0.0248729;;246;l1;liblinear;0.000176194;0;0
0.753246753;1253.865378;;178;l1;liblinear;0.000144934;0;0
0.694805195;48364.31265;balanced;132;l1;liblinear;0.000433612;0;0
0.753246753;13516.03448;;912;l2;liblinear;2.71E-05;0;0
0.701298701;0.000756338;;423;l2;saga;8.89E-05;0;0
0.753246753;66.66308131;;671;l1;liblinear;5.87E-05;0;0
0.714285714;651.7627647;;420;l1;saga;0.000641837;0;0
0.681818182;0.000126777;;306;l2;saga;0.003409608;0;0
0.701298701;0.132229737;;843;l2;saga;0.003182692;0;0
0.694805195;1718.325873;balanced;182;l2;liblinear;0.000392054;0;0
0.694805195;1456.861283;balanced;753;l1;liblinear;0.000696529;0;0
0.662337662;2.05E-05;;449;l2;saga;0.014947643;0;0
0.512987013;0.001187974;balanced;245;l1;liblinear;0.000831778;0;0
0.642857143;1.59E-05;balanced;871;l1;liblinear;0.050198399;0;0
0.662337662;20.17806402;balanced;614;l2;saga;0.010350162;0;0
0.694805195;0.019503919;;384;l1;saga;2.79E-05;0;0
0.681818182;0.008658808;;847;l1;saga;0.027057887;0;0
0.720779221;0.22630192;;759;l1;saga;9.03E-05;0;0
0.694805195;3.254227498;balanced;783;l2;saga;0.002556603;0;0
0.753246753;3.541214123;;549;l2;liblinear;0.002517846;0;0
0.642857143;1.89E-05;balanced;469;l1;saga;0.009647822;0;0
0.662337662;1.79E-05;;695;l2;saga;0.000318789;0;0
0.753246753;355.4471643;;939;l2;liblinear;1.03E-05;0;0
0.642857143;1.64E-05;balanced;251;l1;saga;0.000954346;0;0
0.681818182;30.65455331;;474;l1;saga;0.013913042;0;0
0.707792208;187.7845662;;371;l2;saga;0.000136343;0;0
0.753246753;14.5930627;;565;l1;liblinear;0.005426218;0;0
0.753246753;5.50133218;;193;l1;liblinear;0.0045776;0;0
0.694805195;1268.379871;balanced;495;l1;liblinear;0.00306276;0;0
0.642857143;0.002161812;balanced;977;l1;saga;0.006096741;0;0
0.363636364;0.000836684;balanced;151;l1;saga;0.000163185;0;0
0.714285714;0.01251257;balanced;452;l2;liblinear;5.92E-05;0;0
0.688311688;42.56985018;;151;l2;saga;0.006117478;0;0
0.694805195;187.8300626;;874;l1;saga;0.08116222;0;0
0.694805195;0.017656248;balanced;229;l2;saga;0.000660557;0;0
0.668831169;0.272550263;balanced;806;l2;saga;0.012831209;0;0
0.642857143;1.19E-05;balanced;494;l1;liblinear;0.050265182;0;0
0.694805195;91406.83939;balanced;218;l1;liblinear;0.00012832;0;0
0.720779221;53.17759998;;662;l2;saga;0.000336242;0;0
0.649350649;0.002183153;balanced;420;l1;liblinear;0.000102737;0;0
0.694805195;1396.198625;;948;l2;saga;0.005607736;0;0
0.694805195;39.64442214;balanced;823;l1;saga;0.002213691;0;0
0.720779221;0.437900601;balanced;220;l2;liblinear;0.000141107;0;0
0.694805195;257.2957234;balanced;804;l1;liblinear;0.000261982;0;0
0.694805195;2579.197864;balanced;947;l1;liblinear;0.000284689;0;0
0.694805195;10779.75883;balanced;265;l1;liblinear;0.000244223;0;0
0.688311688;0.004244193;;520;l1;liblinear;6.80E-05;0;0
0.681818182;4.05E-05;;866;l2;saga;0.024121723;0;0
0.727272727;769.6875515;;118;l2;liblinear;0.021143647;0;0
0.694805195;2899.317527;balanced;449;l1;saga;0.002572349;0;0
0.694805195;1158.914339;balanced;410;l1;liblinear;2.04E-05;0;0
0.720779221;766.3318057;;647;l2;saga;0.000199112;0;0
0.688311688;0.004064439;;922;l2;liblinear;0.093598033;0;0
0.753246753;72.71403067;;404;l1;liblinear;0.009230769;0;0
0.675324675;0.056988054;;883;l2;saga;0.006614534;0;0
0.62987013;0.000108305;balanced;168;l2;saga;0.081962556;0;0
0.707792208;319.4078865;balanced;468;l1;liblinear;0.013523592;0;0
0.714285714;0.58716584;balanced;571;l1;liblinear;0.002379151;0;0
0.642857143;0.00010425;balanced;496;l2;saga;0.002436669;0;0
0.62987013;3119.726239;balanced;369;l1;saga;0.065320239;0;0
0.636363636;0.149238084;balanced;268;l1;saga;0.032782452;0;0
0.701298701;8.631623518;balanced;820;l2;saga;0.00034201;0;0
0.720779221;2305.103492;;885;l2;saga;0.000190337;0;0
0.694805195;377.2445897;;114;l1;saga;0.089422895;0;0
0.688311688;0.228082517;;769;l1;saga;0.072537994;0;0
0.642857143;0.000147286;;972;l1;liblinear;0.0012111;0;0
0.681818182;0.024979263;balanced;873;l1;saga;0.000898922;0;0
0.694805195;103.513417;balanced;161;l2;liblinear;1.78E-05;0;0
0.694805195;2.322391926;balanced;616;l1;liblinear;0.001291114;0;0
0.642857143;0.004330699;balanced;801;l1;saga;0.039160143;0;0
0.714285714;0.523724155;balanced;353;l2;liblinear;5.96E-05;0;0
0.720779221;3.801809657;;728;l2;saga;0.000145161;0;0
0.694805195;2.072000626;balanced;205;l2;saga;2.40E-05;0;0
0.688311688;5489.384173;;564;l2;liblinear;0.048450217;0;0
0.688311688;9695.086063;;974;l2;saga;0.018847891;0;0
0.701298701;1058.014004;balanced;885;l2;saga;0.000984991;0;0
0.714285714;0.335938699;balanced;338;l1;liblinear;0.055612612;0;0
0.714285714;3953.967415;;816;l2;saga;0.001247923;0;0
0.701298701;1340.545583;;168;l2;saga;0.000120446;0;0
0.642857143;4.16E-05;balanced;991;l1;saga;0.000130122;0;0
0.61038961;1.62E-05;balanced;843;l2;saga;0.000291936;0;0
0.701298701;2189.6387;balanced;196;l2;liblinear;0.003435597;0;0
0.688311688;0.000345704;;807;l2;saga;0.001887978;0;0
0.753246753;4.057717274;;552;l1;liblinear;9.62E-05;0;0
0.701298701;18.68483772;balanced;855;l1;saga;6.61E-05;0;0
0.694805195;26859.5144;balanced;643;l1;liblinear;6.24E-05;0;0
0.642857143;7.95E-05;balanced;726;l2;saga;0.013470044;0;0
0.681818182;2.71E-05;;678;l2;saga;0.003274912;0;0
0.772727273;30632.87849;;481;l1;liblinear;0.073618941;0;0
0.701298701;1.023355443;;169;l2;saga;2.54E-05;0;0
0.681818182;2.49900195;;852;l2;saga;0.010353275;0;0
0.707792208;16.8290476;;516;l2;liblinear;0.03343271;0;0
0.714285714;0.012790029;balanced;556;l2;liblinear;1.77E-05;0;0
0.753246753;71.14017416;;615;l1;liblinear;0.0023097;0;0
0.701298701;20.40592372;balanced;421;l1;saga;0.000494992;0;0
0.720779221;0.072491009;balanced;175;l2;liblinear;1.30E-05;0;0
0.538961039;1.07E-05;balanced;950;l2;liblinear;9.17E-05;0;0
0.753246753;91458.77409;;596;l2;liblinear;0.000168562;0;0
0.707792208;0.011598942;balanced;899;l2;liblinear;0.011193071;0;0
0.707792208;0.744857714;balanced;962;l2;liblinear;4.91E-05;0;0
0.694805195;0.000472795;;888;l2;liblinear;0.035043145;0;0
0.694805195;7867.910487;balanced;491;l1;saga;0.000742078;1;0
0.694805195;44.23715237;balanced;878;l1;saga;6.07E-05;1;0
0.707792208;0.000149093;balanced;576;l2;liblinear;0.001791826;1;0
0.694805195;3718.467297;balanced;640;l1;liblinear;0.000203272;1;0
0.75974026;0.046044473;;899;l1;liblinear;0.011724286;1;0
0.746753247;153.7668798;;124;l1;liblinear;0.044665165;1;0
0.694805195;0.040488719;balanced;549;l2;saga;2.40E-05;1;0
0.694805195;0.008225054;balanced;750;l2;saga;0.001384032;1;0
0.753246753;367.5979019;;650;l1;saga;0.000189363;1;0
0.694805195;4.67807859;balanced;439;l1;saga;0.008905242;1;0
0.707792208;0.000410414;;260;l2;liblinear;0.011883725;1;0
0.753246753;1.790371065;;881;l1;saga;0.000179412;1;0
0.694805195;7117.900866;balanced;468;l1;saga;0.001125774;1;0
0.694805195;62.16379985;balanced;137;l2;liblinear;0.000157867;1;0
0.779220779;0.048012056;;755;l1;saga;0.000344324;1;0
0.746753247;1.165403227;;630;l1;liblinear;0.002093232;1;0
0.746753247;2071.716504;;721;l2;saga;0.090234308;1;0
0.694805195;30.79693164;balanced;860;l2;saga;9.76E-05;1;0
0.75974026;0.104689632;;573;l2;liblinear;1.47E-05;1;0
0.707792208;0.129056623;balanced;244;l1;saga;0.000314932;1;0
0.694805195;5.670028631;balanced;639;l1;saga;4.29E-05;1;0
0.701298701;0.533806111;balanced;274;l1;liblinear;0.001649419;1;0
0.694805195;10.86564858;balanced;486;l2;saga;0.00013841;1;0
0.753246753;29861.97522;;486;l2;liblinear;1.01E-05;1;0
0.753246753;43.72172134;;226;l1;saga;2.27E-05;1;0
0.694805195;55.93001305;balanced;455;l2;liblinear;0.001043833;1;0
0.701298701;1088.511968;balanced;902;l1;saga;0.057778544;1;0
0.694805195;46491.47758;balanced;881;l1;saga;0.011084335;1;0
0.753246753;4.020515749;;820;l2;liblinear;3.87E-05;1;0
0.694805195;219.3744377;balanced;389;l2;saga;0.00164347;1;0
0.694805195;418.8516468;balanced;459;l2;saga;1.97E-05;1;0
0.701298701;0.102300628;balanced;576;l2;saga;4.54E-05;1;0
0.707792208;0.095035865;balanced;849;l1;saga;0.018978734;1;0
0.694805195;2167.882992;balanced;715;l2;liblinear;0.015184816;1;0
0.642857143;5.62E-05;balanced;246;l1;liblinear;0.000952033;1;0
0.642857143;2.18E-05;;822;l1;saga;0.010662714;1;0
0.753246753;18031.24791;;489;l2;liblinear;0.00030589;1;0
0.694805195;180.1784781;balanced;802;l2;liblinear;0.071135892;1;0
0.642857143;1.45E-05;;226;l1;saga;0.002142496;1;0
0.727272727;1.50E-05;balanced;122;l2;saga;0.000188761;1;0
0.746753247;0.041227316;;686;l1;liblinear;0.007455927;1;0
0.74025974;59570.83505;;715;l2;saga;0.031574237;1;0
0.753246753;0.308366436;;429;l2;liblinear;0.000462451;1;0
0.753246753;703.6207113;;822;l1;saga;9.49E-05;1;0
0.642857143;0.00588481;;979;l1;saga;0.005028347;1;0
0.753246753;38.63994342;;623;l1;liblinear;0.0002193;1;0
0.753246753;8895.90286;;770;l1;liblinear;0.000427047;1;0
0.694805195;1.268529866;balanced;779;l2;saga;0.002995015;1;0
0.753246753;7.208094866;;999;l2;liblinear;6.38E-05;1;0
0.642857143;5.88E-05;;357;l1;liblinear;0.000272712;1;0
0.694805195;931.6007104;balanced;538;l2;saga;4.54E-05;1;0
0.701298701;1.354511932;balanced;315;l2;liblinear;0.0406648;1;0
0.694805195;0.02630301;balanced;626;l2;saga;0.04126141;1;0
0.642857143;0.000170423;;487;l1;liblinear;7.79E-05;1;0
0.753246753;5344.46584;;324;l1;saga;0.000533502;1;0
0.694805195;0.149385601;balanced;991;l2;saga;0.058863235;1;0
0.753246753;43.97696426;;341;l2;saga;9.64E-05;1;0
0.74025974;0.011902251;;369;l1;liblinear;0.007054953;1;0
0.642857143;0.000323632;;857;l1;liblinear;0.088475909;1;0
0.707792208;0.000747906;;461;l2;liblinear;0.002328646;1;0
0.694805195;3932.928925;balanced;195;l1;liblinear;0.028040367;1;0
0.694805195;10462.24662;balanced;291;l2;liblinear;0.000385424;1;0
0.753246753;15640.25818;;825;l1;liblinear;0.000144523;1;0
0.753246753;1.075089441;;544;l1;saga;0.000738982;1;0
0.642857143;6.56E-05;;562;l2;saga;0.020283281;1;0
0.694805195;0.11196304;balanced;666;l2;liblinear;0.003906826;1;0
0.701298701;0.024997803;balanced;220;l2;saga;1.44E-05;1;0
0.642857143;9.27E-05;;231;l1;liblinear;0.000141466;1;0
0.688311688;166.8208258;balanced;368;l2;saga;0.026142887;1;0
0.642857143;6.75E-05;;413;l1;liblinear;0.000324483;1;0
0.727272727;0.012779519;;195;l2;liblinear;1.88E-05;1;0
0.694805195;4471.836857;balanced;641;l1;liblinear;0.062378913;1;0
0.694805195;184.7215205;balanced;535;l2;saga;0.001443764;1;0
0.701298701;56311.20699;balanced;658;l1;saga;0.03936666;1;0
0.701298701;0.375642386;balanced;606;l1;liblinear;2.77E-05;1;0
0.642857143;0.00050739;balanced;290;l1;liblinear;3.29E-05;1;0
0.642857143;0.002788523;balanced;357;l1;liblinear;0.000932557;1;0
0.694805195;0.093924139;balanced;216;l2;liblinear;0.002908879;1;0
0.707792208;3.52E-05;balanced;329;l2;liblinear;0.073701856;1;0
0.701298701;0.198223796;balanced;152;l2;liblinear;0.023123956;1;0
0.642857143;0.000179192;;714;l2;saga;0.000972691;1;0
0.753246753;167.1565009;;662;l2;saga;8.51E-05;1;0
0.642857143;0.004549528;;693;l1;liblinear;0.052718716;1;0
0.701298701;0.458001866;balanced;122;l1;saga;0.052367393;1;0
0.701298701;0.027181698;balanced;177;l2;liblinear;0.007501237;1;0
0.701298701;0.000164971;;729;l2;liblinear;3.71E-05;1;0
0.694805195;25.69318829;balanced;889;l1;saga;4.62E-05;1;0
0.642857143;1.79E-05;;654;l2;saga;0.005018315;1;0
0.701298701;0.080070404;balanced;499;l1;liblinear;0.060178584;1;0
0.642857143;0.001752622;balanced;961;l1;liblinear;0.011422623;1;0
0.701298701;972.2796917;balanced;729;l1;saga;0.030132974;1;0
0.694805195;0.966712686;balanced;910;l2;liblinear;0.000564316;1;0
0.753246753;24493.72521;;292;l1;liblinear;0.000214878;1;0
0.694805195;8245.503413;balanced;705;l2;liblinear;0.096151948;1;0
0.753246753;7.727930176;;944;l1;liblinear;0.001531797;1;0
0.753246753;489.024134;;632;l1;liblinear;0.00964684;1;0
0.701298701;0.019588764;balanced;155;l2;liblinear;0.018548454;1;0
0.701298701;0.488589266;balanced;233;l2;saga;4.37E-05;1;0
0.701298701;6.519941692;balanced;468;l2;liblinear;0.021376063;1;0
0.707792208;0.0011491;balanced;810;l2;saga;2.31E-05;1;0
0.694805195;17842.94363;balanced;149;l2;liblinear;0.003598949;1;0
0.753246753;0.764251651;;489;l2;liblinear;0.082275928;1;0
0.707792208;0.040981086;balanced;527;l1;saga;3.23E-05;1;0
0.642857143;0.001590884;balanced;666;l1;liblinear;1.95E-05;1;0
0.642857143;0.001784302;balanced;513;l1;liblinear;0.000191753;1;0
0.642857143;2.37E-05;balanced;973;l1;saga;0.000629914;1;0
0.753246753;173.3312251;;186;l2;liblinear;1.26E-05;1;0
0.642857143;5.86E-05;balanced;142;l1;saga;0.014702529;1;0
0.753246753;58135.0409;;673;l1;liblinear;0.000134374;1;0
0.753246753;3.553524706;;191;l1;saga;0.002118027;1;0
0.701298701;7.54E-05;balanced;536;l2;saga;0.000301022;1;0
0.694805195;31436.09453;balanced;273;l1;saga;0.000413973;1;0
0.701298701;2.34E-05;;426;l2;liblinear;0.026162829;1;0
0.753246753;20004.8277;;680;l2;saga;0.000305674;1;0
0.753246753;219.5743118;;996;l2;saga;9.26E-05;1;0
0.642857143;2.07E-05;;842;l1;saga;0.070876817;1;0
0.701298701;0.148028306;balanced;697;l2;saga;1.12E-05;1;0
0.707792208;0.000468403;;223;l2;liblinear;0.013285894;1;0
0.694805195;49177.24467;balanced;601;l1;saga;0.000197097;1;0
0.642857143;0.00012675;;243;l1;liblinear;0.020657151;1;0
0.753246753;30.73140626;;850;l2;liblinear;0.010017267;1;0
0.642857143;0.000122414;;411;l1;saga;0.004453587;1;0
0.694805195;781.3971271;balanced;358;l1;liblinear;0.000408107;1;0
0.701298701;83836.85638;balanced;580;l1;liblinear;0.014696645;1;0
0.701298701;0.001381422;balanced;309;l2;liblinear;1.52E-05;1;0
0.642857143;4.74E-05;;451;l1;saga;0.018669892;1;0
0.642857143;0.000408127;balanced;897;l1;liblinear;0.001484957;1;0
0.785714286;0.044756114;;921;l1;saga;0.001710694;1;0
0.694805195;174.3709651;balanced;369;l1;saga;6.61E-05;1;0
0.694805195;95566.54204;balanced;781;l2;saga;0.002451146;1;0
0.701298701;1.02E-05;;417;l2;liblinear;0.07038988;1;0
0.642857143;0.000433175;;212;l2;saga;0.021580292;1;0
0.701298701;0.065704557;balanced;395;l2;saga;2.03E-05;1;0
0.642857143;0.000142454;;737;l2;saga;0.000536776;1;0
0.701298701;0.201591284;balanced;779;l1;liblinear;0.068594588;1;0
0.694805195;14.24248124;balanced;326;l2;saga;0.005004258;1;0
0.753246753;32925.78247;;805;l2;liblinear;3.58E-05;1;0
0.694805195;108.0361473;balanced;735;l2;liblinear;0.000456226;1;0
0.694805195;1.674284456;balanced;125;l1;saga;1.08E-05;1;0
0.694805195;2.435663722;balanced;686;l2;liblinear;0.000297407;1;0
0.701298701;0.70722045;balanced;375;l2;liblinear;0.002675096;1;0
0.694805195;503.0607828;balanced;515;l1;liblinear;0.000483014;1;0
0.727272727;0.014617148;;739;l2;liblinear;0.00443165;1;0
0.707792208;0.000148739;balanced;540;l2;liblinear;0.000885391;1;0
0.753246753;1495.684269;;650;l1;liblinear;0.004348568;1;0
0.75974026;0.278020417;;536;l1;liblinear;1.33E-05;1;0
0.694805195;5336.004889;balanced;978;l2;saga;0.001290955;1;0
0.753246753;51.03708494;;763;l2;saga;6.56E-05;1;0
0.707792208;0.001687091;balanced;655;l2;saga;0.002061563;1;0
0.701298701;0.094852594;balanced;215;l1;saga;0.00330955;1;0
0.701298701;8.15E-05;;272;l2;liblinear;2.77E-05;1;0
0.753246753;58767.58061;;674;l1;liblinear;0.000118529;1;0
0.694805195;352.3403179;balanced;704;l2;liblinear;0.065053367;1;0
0.642857143;5.10E-05;;358;l2;saga;0.001015552;1;0
0.75974026;0.140569235;;967;l2;saga;0.000111547;1;0
0.694805195;65.37689286;balanced;154;l1;liblinear;4.76E-05;1;0
0.642857143;1.00E-05;balanced;443;l1;saga;0.002089232;1;0
0.753246753;3.333321124;;983;l2;liblinear;9.83E-05;1;0
0.753246753;7490.273594;;350;l2;saga;3.12E-05;1;0
0.642857143;0.00250701;balanced;428;l1;saga;0.000344913;1;0
0.694805195;38254.7707;balanced;695;l2;liblinear;4.82E-05;1;0
0.746753247;9.780237299;;935;l1;saga;0.096550148;1;0
0.694805195;25340.1905;balanced;779;l2;liblinear;0.025757622;1;0
0.694805195;1.613684277;balanced;283;l2;liblinear;4.14E-05;1;0
0.75974026;0.054646415;;230;l1;liblinear;3.96E-05;1;0
0.694805195;21.16691065;balanced;630;l2;saga;0.000225791;1;0
0.785714286;0.044611181;;353;l1;saga;0.000896505;1;0
0.74025974;4.090408452;;846;l2;saga;0.037561923;1;0
0.642857143;0.005064415;;544;l1;saga;0.015954244;1;0
0.753246753;33.04907793;;849;l2;saga;0.005347952;1;0
0.701298701;0.006604581;balanced;509;l2;liblinear;0.010880463;1;0
0.707792208;0.000792439;;902;l2;liblinear;7.70E-05;1;0
0.642857143;0.004591967;balanced;727;l1;liblinear;0.00238552;1;0
0.707792208;0.000214973;balanced;587;l2;liblinear;0.00021142;1;0
0.694805195;25899.03357;balanced;164;l1;liblinear;1.50E-05;1;0
0.753246753;285.5356812;;198;l2;saga;5.16E-05;1;0
0.753246753;929.3866452;;465;l2;liblinear;0.002127596;1;0
0.642857143;0.000117088;;449;l2;saga;1.43E-05;1;0
0.694805195;10.56066642;balanced;705;l1;saga;0.000162252;1;0
0.642857143;0.003798877;balanced;217;l1;liblinear;0.015889929;1;0
0.727272727;0.003037236;;128;l2;saga;0.009395588;1;0
0.694805195;12.55009386;balanced;576;l1;saga;0.000312627;1;0
0.642857143;0.000123602;balanced;763;l1;liblinear;0.000250182;1;0
0.701298701;36.63804445;balanced;150;l1;saga;0.07060458;1;0
0.642857143;0.00038209;balanced;392;l1;liblinear;9.97E-05;1;0
0.746753247;0.010543136;balanced;228;l1;saga;8.24E-05;1;0
0.753246753;11822.5379;;151;l2;liblinear;0.000226352;1;0
0.753246753;0.589730258;;300;l2;saga;3.99E-05;1;0
0.694805195;1565.82641;balanced;391;l2;liblinear;0.001235896;1;0
0.642857143;0.001430684;balanced;809;l1;saga;1.11E-05;1;0
0.688311688;0.765421472;balanced;273;l2;saga;0.012712778;1;0
0.701298701;0.206774214;balanced;921;l2;liblinear;0.0021411;1;0
0.694805195;1352.618511;balanced;544;l2;liblinear;1.35E-05;1;0
0.694805195;0.008604007;balanced;295;l2;saga;0.003750061;1;0
0.701298701;0.88033584;balanced;248;l1;liblinear;0.001428305;1;0
0.753246753;1.507026556;;928;l2;saga;0.001228913;1;0
0.642857143;1.79E-05;;551;l1;saga;7.23E-05;1;0
0.701298701;0.038192262;balanced;127;l2;liblinear;0.000171847;1;0
0.642857143;1.05E-05;;156;l1;saga;0.043024409;1;0
0.694805195;64.96529266;balanced;935;l1;liblinear;0.002176288;1;0
0.753246753;0.052455297;;782;l2;saga;0.002361699;1;0
0.701298701;0.002634634;;571;l2;saga;3.81E-05;1;0
0.694805195;138.2473531;balanced;297;l2;saga;0.000685114;1;0
0.694805195;38.31353906;balanced;478;l2;liblinear;0.040291134;1;0
0.694805195;33.78344943;balanced;862;l2;liblinear;0.077831869;1;0
0.688311688;216.0958888;balanced;922;l2;saga;0.02000605;1;0
0.694805195;0.206036674;balanced;753;l1;saga;0.001378727;1;0
0.707792208;6.73E-05;balanced;518;l2;liblinear;0.006929505;1;0
0.701298701;0.028789364;balanced;730;l2;liblinear;2.93E-05;1;0
0.694805195;24925.56177;balanced;282;l2;liblinear;2.43E-05;1;0
0.75974026;0.148673186;;619;l2;saga;0.019149151;1;0
0.753246753;212.7119696;;428;l2;saga;0.000108443;1;0
0.753246753;9772.863185;;969;l2;saga;5.52E-05;1;0
0.694805195;802.4728255;balanced;217;l1;saga;3.12E-05;1;0
0.753246753;581.5127449;;404;l1;saga;0.003215272;1;0
0.694805195;0.032764015;balanced;870;l2;saga;0.002655463;1;0
0.694805195;28.68630938;balanced;608;l1;liblinear;0.001432596;1;0
0.694805195;0.018079562;balanced;497;l2;saga;0.000718329;1;0
0.701298701;2.97E-05;;845;l2;liblinear;0.087398838;1;0
0.642857143;6.85E-05;balanced;402;l1;saga;0.006042954;1;0
0.694805195;2421.561589;balanced;837;l1;liblinear;0.003788819;1;0
0.707792208;1.30E-05;balanced;811;l2;liblinear;0.069209022;1;0
0.694805195;1859.351261;balanced;895;l2;saga;2.83E-05;1;0
0.642857143;8.81E-05;;586;l1;saga;0.000743354;1;0
0.785714286;0.019046212;;669;l2;saga;0.003666027;1;0
0.707792208;0.000289344;;553;l2;liblinear;0.000863338;1;0
0.707792208;0.002076945;balanced;836;l2;saga;0.033201227;1;0
0.694805195;2301.48309;balanced;414;l2;liblinear;0.001008361;1;0
0.701298701;3.10E-05;;133;l2;liblinear;0.00019392;1;0
0.701298701;0.813317708;balanced;294;l1;saga;0.01242615;1;0
0.694805195;2.628203109;balanced;427;l2;liblinear;3.49E-05;1;0
0.694805195;0.104366483;balanced;834;l2;liblinear;0.000147767;1;0
0.753246753;0.247804721;;633;l1;saga;0.00028185;1;0
0.746753247;6456.572489;;952;l1;liblinear;0.039899325;1;0
0.694805195;24468.96368;balanced;790;l1;saga;1.39E-05;1;0
0.701298701;22886.28912;balanced;402;l2;saga;0.067514878;1;0
0.74025974;0.020078997;balanced;634;l1;saga;3.51E-05;1;0
0.642857143;5.53E-05;;825;l2;saga;0.000154245;1;0
0.701298701;7.68E-05;balanced;743;l2;saga;0.006442985;1;0
0.642857143;0.001064826;;984;l2;saga;0.000105069;1;0
0.753246753;2309.891525;;838;l2;saga;0.00064483;1;0
0.753246753;21.76152771;;841;l2;liblinear;0.002796951;1;0
0.701298701;7.58E-05;;131;l2;liblinear;9.30E-05;1;0
0.701298701;0.005965403;balanced;448;l2;liblinear;0.000542307;1;0
0.701298701;0.006168008;balanced;536;l2;liblinear;0.012263479;1;0
0.753246753;2916.514813;;664;l2;liblinear;0.000108198;1;0
0.642857143;0.004903441;balanced;798;l1;liblinear;0.002599206;1;0
0.694805195;9060.226041;balanced;300;l2;saga;0.000123243;1;0
0.753246753;3.842806622;;189;l2;liblinear;0.038381297;1;0
0.694805195;17.55049566;balanced;923;l2;liblinear;2.43E-05;1;0
0.753246753;31.11278326;;758;l1;liblinear;0.000107506;1;0
0.75974026;0.181926151;;465;l1;liblinear;0.036387447;1;0
0.753246753;59892.0209;;555;l2;saga;0.002059062;1;0
0.753246753;92.16595095;;856;l2;saga;0.004562772;1;0
0.701298701;4.391710577;balanced;707;l2;saga;0.030741225;1;0
0.753246753;34.2561662;;928;l1;liblinear;0.015659233;1;0
0.701298701;0.001472524;balanced;637;l2;liblinear;8.08E-05;1;0
0.694805195;592.7786767;balanced;344;l1;liblinear;0.000408648;1;0
0.727272727;0.012239336;;619;l2;liblinear;0.016392237;1;0
0.772727273;0.016977879;;763;l1;liblinear;0.003749148;1;0
0.74025974;447.6654113;;759;l1;saga;0.067781823;1;0
0.753246753;2544.160967;;175;l1;liblinear;0.006623468;1;0
0.642857143;0.002982347;;852;l1;liblinear;0.00369017;1;0
0.707792208;0.000176805;balanced;303;l2;saga;0.000953324;1;0
0.753246753;7.783382468;;704;l1;saga;0.001637041;1;0
0.74025974;12.17484921;;539;l2;saga;0.015546815;1;0
0.701298701;1.33E-05;;549;l2;liblinear;0.003627743;1;0
0.694805195;0.396643915;balanced;514;l2;saga;0.027561091;1;0
0.753246753;54.51625887;;458;l1;saga;1.11E-05;1;0
0.694805195;10.36770749;balanced;799;l2;liblinear;0.009034081;1;0
0.753246753;8.788262051;;998;l1;liblinear;0.002050909;1;0
0.753246753;4671.630933;;917;l1;saga;0.000381786;1;0
0.753246753;9664.724018;;120;l2;liblinear;0.000543714;1;0
0.772727273;0.033089222;;800;l1;saga;0.004077239;1;0
0.642857143;0.001111332;;419;l1;saga;0.003870809;1;0
0.753246753;14.39433959;;766;l1;liblinear;0.001484465;1;0
0.701298701;3.322752639;balanced;687;l1;liblinear;0.006430206;1;0
0.753246753;0.527750566;;298;l2;saga;1.21E-05;1;0
0.694805195;507.2592697;balanced;923;l1;liblinear;3.03E-05;1;0
0.694805195;0.254670603;balanced;666;l1;saga;0.006588558;1;0
0.753246753;0.382435133;;648;l2;liblinear;0.000147989;1;0
0.694805195;107.4185549;balanced;336;l1;saga;4.00E-05;1;0
0.636363636;0.001425845;;692;l2;saga;2.09E-05;1;0
0.753246753;26918.04132;;775;l1;liblinear;0.010340597;1;0
0.707792208;0.000286752;;329;l2;liblinear;0.006198449;1;0
0.707792208;0.000355583;balanced;867;l2;saga;1.70E-05;1;0
0.75974026;0.332726028;;959;l1;liblinear;5.06E-05;1;0
0.753246753;83.50909748;;120;l2;liblinear;0.00533706;1;0
0.707792208;0.001428138;;259;l2;liblinear;0.098862671;1;0
0.701298701;0.230351162;balanced;187;l2;liblinear;0.003677174;1;0
0.753246753;10.67132758;;639;l1;liblinear;2.34E-05;1;0
0.753246753;327.0803138;;419;l2;saga;7.66E-05;1;0
0.707792208;0.00025008;balanced;374;l2;liblinear;0.000549987;1;0
0.694805195;2727.628855;balanced;611;l2;liblinear;0.002269137;1;0
0.753246753;30.95832589;;289;l2;liblinear;0.014892787;1;0
0.694805195;233.8970633;balanced;673;l2;liblinear;1.47E-05;1;0
0.701298701;0.000560004;balanced;528;l2;liblinear;0.008308051;1;0
0.694805195;4.520559283;balanced;823;l1;saga;0.001488597;1;0
0.701298701;0.040509675;balanced;718;l1;saga;0.01990694;1;0
0.642857143;0.00014787;;344;l2;saga;1.12E-05;1;0
0.694805195;0.009565975;balanced;294;l2;saga;0.087588775;1;0
0.694805195;13525.53545;balanced;137;l1;liblinear;7.08E-05;1;0
0.753246753;11.57436351;;598;l2;liblinear;6.00E-05;1;0
0.694805195;250.5692133;balanced;576;l1;liblinear;0.001326223;1;0
0.701298701;0.218055841;balanced;626;l2;saga;0.002586804;1;0
0.642857143;4.76E-05;;367;l1;liblinear;0.000371868;1;0
0.694805195;0.002190526;balanced;322;l2;liblinear;1.76E-05;1;0
0.74025974;896.483129;;751;l1;saga;0.0249536;1;0
0.694805195;48388.49058;balanced;469;l2;saga;0.006900994;1;0
0.694805195;0.036050914;balanced;611;l2;saga;1.05E-05;1;0
0.798701299;0.011966746;;774;l2;saga;0.003661364;1;0
0.753246753;0.428971622;;801;l2;liblinear;1.05E-05;1;0
0.746753247;2405.266063;;776;l1;liblinear;0.066323666;1;0
0.701298701;0.322702634;balanced;230;l1;liblinear;2.56E-05;1;0
0.701298701;0.037666976;balanced;729;l1;saga;0.024119686;1;0
0.688311688;240.5193608;balanced;993;l2;saga;0.013136895;1;0
0.766233766;0.020512701;;545;l1;saga;0.051396145;1;0
0.642857143;0.000652589;;198;l1;liblinear;0.008502175;1;0
0.753246753;4299.289476;;677;l2;liblinear;0.099852519;1;0
0.642857143;2.83E-05;;593;l2;saga;0.09386107;1;0
0.753246753;0.036089623;;467;l2;liblinear;0.003764873;1;0
0.701298701;0.04234969;balanced;414;l1;liblinear;1.19E-05;1;0
0.694805195;1.211989888;balanced;478;l2;saga;2.18E-05;1;0
0.642857143;2.49E-05;;403;l1;liblinear;0.000142397;1;0
0.753246753;3529.723797;;423;l2;liblinear;0.023657068;1;0
0.701298701;0.413220899;balanced;753;l2;liblinear;3.07E-05;1;0
0.75974026;0.180659268;;194;l1;saga;0.099445789;1;0
0.694805195;0.26796389;balanced;381;l1;liblinear;5.13E-05;1;0
0.75974026;0.659583309;;167;l1;saga;0.000120024;1;0
0.753246753;0.496784634;;331;l2;liblinear;0.002385021;1;0
0.694805195;67.71457915;balanced;323;l2;saga;0.00534916;1;1
0.753246753;57.99913568;;748;l2;saga;0.000144499;1;1
0.707792208;0.00042034;balanced;182;l2;saga;0.001928706;1;1
0.753246753;1.59974528;;953;l1;saga;0.006600994;1;1
0.753246753;1012.98118;;787;l1;saga;0.001334814;1;1
0.714285714;0.013713955;;751;l1;saga;0.027550386;1;1
0.753246753;0.599112466;;304;l2;liblinear;5.84E-05;1;1
0.694805195;120.8996864;balanced;326;l2;saga;0.000125573;1;1
0.753246753;2.54001118;;736;l1;saga;0.013538719;1;1
0.694805195;55.60468187;balanced;966;l2;saga;0.000602289;1;1
0.753246753;87524.51007;;858;l1;liblinear;6.00E-05;1;1
0.694805195;0.036929557;balanced;705;l2;saga;0.000133908;1;1
0.701298701;0.000640439;balanced;828;l2;liblinear;1.45E-05;1;1
0.694805195;22019.96226;balanced;604;l2;liblinear;0.061003395;1;1
0.694805195;3.933351437;balanced;758;l2;saga;0.007042346;1;1
0.675324675;0.012484346;balanced;372;l1;saga;0.002610252;1;1
0.753246753;1011.045497;;966;l2;saga;4.63E-05;1;1
0.753246753;17254.22674;;267;l2;saga;0.002519808;1;1
0.681818182;0.026743221;balanced;321;l1;saga;0.042228271;1;1
0.642857143;1.54E-05;balanced;751;l1;saga;0.005400278;1;1
0.701298701;0.000870604;balanced;213;l2;liblinear;0.001471608;1;1
0.694805195;741.4110211;balanced;327;l1;saga;0.000119582;1;1
0.642857143;1.78E-05;;689;l2;saga;0.001049123;1;1
0.746753247;0.003663385;;131;l2;saga;0.025157619;1;1
0.688311688;0.04981959;balanced;298;l1;liblinear;3.70E-05;1;1
0.714285714;0.000599055;balanced;662;l2;saga;0.046239775;1;1
0.694805195;4461.186882;balanced;171;l2;saga;0.000223529;1;1
0.753246753;3.927718497;;211;l2;saga;0.000121549;1;1
0.642857143;0.000485319;;981;l1;liblinear;0.000208992;1;1
0.694805195;29.40969238;balanced;415;l2;liblinear;1.12E-05;1;1
0.688311688;30922.71522;balanced;239;l2;saga;0.02199989;1;1
0.707792208;1.35E-05;balanced;404;l2;liblinear;0.000161709;1;1
0.642857143;6.76E-05;;195;l2;saga;0.049527168;1;1
0.694805195;22358.96916;balanced;529;l2;saga;0.002011459;1;1
0.357142857;0.00540692;balanced;653;l1;saga;0.000590556;1;1
0.701298701;0.026835925;balanced;977;l2;liblinear;0.000687629;1;1
0.746753247;0.326451853;;632;l1;liblinear;3.06E-05;1;1
0.694805195;87132.10174;balanced;108;l1;liblinear;0.015245213;1;1
0.701298701;0.340023239;balanced;570;l2;liblinear;0.003404143;1;1
0.694805195;4164.765323;balanced;550;l1;saga;1.52E-05;1;1
0.753246753;4.508888516;;887;l1;liblinear;0.000818543;1;1
0.694805195;8.984441654;balanced;283;l2;liblinear;1.31E-05;1;1
0.642857143;0.003282505;;823;l1;saga;9.34E-05;1;1
0.753246753;167.176332;;327;l2;liblinear;1.55E-05;1;1
0.688311688;64631.07104;balanced;599;l1;saga;0.090901023;1;1
0.701298701;0.107826802;balanced;436;l2;saga;0.008958408;1;1
0.753246753;1.346230595;;729;l2;liblinear;0.008365355;1;1
0.753246753;4306.697033;;222;l2;liblinear;0.062982388;1;1
0.75974026;0.186335916;;790;l2;saga;0.002198218;1;1
0.642857143;6.41E-05;balanced;321;l1;liblinear;2.07E-05;1;1
0.694805195;5.65105432;balanced;263;l2;saga;0.000229668;1;1
0.694805195;36.61352828;balanced;752;l2;liblinear;0.000905427;1;1
0.642857143;0.000302044;;752;l1;liblinear;0.026735929;1;1
0.753246753;5540.593251;;737;l2;liblinear;0.002454104;1;1
0.707792208;0.000362705;;834;l2;liblinear;0.000129579;1;1
0.753246753;1.550410177;;404;l2;liblinear;0.00326841;1;1
0.694805195;0.025105844;balanced;235;l2;liblinear;8.72E-05;1;1
0.642857143;1.92E-05;balanced;589;l1;saga;0.000101546;1;1
0.753246753;108.4521639;;877;l2;saga;0.000802763;1;1
0.642857143;0.002639232;;952;l1;liblinear;0.000582099;1;1
0.753246753;2.896565774;;165;l2;liblinear;4.23E-05;1;1
0.701298701;5.18686044;balanced;416;l1;saga;0.010861701;1;1
0.675324675;0.016030199;balanced;898;l1;saga;0.002485655;1;1
0.753246753;9918.05299;;570;l2;saga;5.58E-05;1;1
0.707792208;0.091663626;balanced;225;l1;saga;0.066731313;1;1
0.694805195;19.66966662;balanced;687;l1;liblinear;0.000101796;1;1
0.701298701;0.003632498;balanced;291;l2;saga;0.005348344;1;1
0.753246753;2510.686887;;387;l1;liblinear;2.43E-05;1;1
0.74025974;7.817089615;;303;l1;saga;0.018664624;1;1
0.753246753;0.556932336;;889;l1;saga;0.000185052;1;1
0.753246753;1.337886538;;467;l1;liblinear;0.039736439;1;1
0.707792208;0.130429565;balanced;160;l1;liblinear;0.000370965;1;1
0.694805195;0.008710287;balanced;603;l2;saga;0.000110601;1;1
0.642857143;4.92E-05;balanced;954;l1;saga;0.007702791;1;1
0.753246753;51.01169259;;428;l2;saga;3.66E-05;1;1
0.642857143;0.000320737;balanced;957;l1;saga;0.018942735;1;1
0.694805195;209.6607044;balanced;451;l1;saga;0.001395095;1;1
0.694805195;24102.47039;balanced;249;l1;liblinear;1.92E-05;1;1
0.642857143;3.05E-05;;782;l2;saga;0.008851285;1;1
0.701298701;0.007649803;balanced;724;l2;liblinear;0.000257449;1;1
0.75974026;0.088676888;;562;l2;liblinear;0.000158386;1;1
0.694805195;5658.805787;balanced;556;l2;liblinear;6.13E-05;1;1
0.785714286;0.010137149;;970;l2;saga;0.047804459;1;1
0.642857143;0.000232092;balanced;272;l1;liblinear;0.00013009;1;1
0.753246753;78.47241407;;771;l2;liblinear;0.0069326;1;1
0.642857143;0.001617137;;419;l1;saga;0.029409064;1;1
0.753246753;509.4948285;;951;l2;saga;4.95E-05;1;1
0.681818182;0.006481737;balanced;885;l1;saga;0.002337794;1;1
0.642857143;0.000158415;;842;l1;liblinear;0.000156358;1;1
0.688311688;370.0252753;balanced;972;l2;saga;0.021069166;1;1
0.694805195;9.155069005;balanced;341;l2;saga;0.002139211;1;1
0.694805195;33018.18401;balanced;835;l1;saga;0.001383936;1;1
0.694805195;10.30222004;balanced;772;l1;saga;0.000541887;1;1
0.746753247;0.048466699;;439;l2;liblinear;0.000324175;1;1
0.701298701;3.02E-05;balanced;828;l2;saga;5.50E-05;1;1
0.694805195;27138.0235;balanced;559;l2;saga;0.005704452;1;1
0.642857143;0.000230364;balanced;627;l1;liblinear;3.39E-05;1;1
0.746753247;0.312612195;;737;l1;saga;0.00431919;1;1
0.642857143;0.001610981;;957;l1;saga;8.01E-05;1;1
0.694805195;83898.22471;balanced;411;l1;liblinear;0.001400134;1;1
0.753246753;2084.355707;;641;l2;saga;0.000245723;1;1
0.701298701;6480.405367;balanced;734;l2;saga;0.056332798;1;1
0.694805195;8.403844894;balanced;230;l2;liblinear;0.003795163;1;1
0.642857143;1.14E-05;;779;l1;saga;0.004050045;1;1
0.701298701;1.60E-05;;398;l2;liblinear;1.31E-05;1;1
0.357142857;0.004241868;balanced;360;l1;saga;0.001477493;1;1
0.642857143;0.000848839;;501;l2;saga;2.55E-05;1;1
0.694805195;5112.141637;balanced;188;l2;saga;0.000173222;1;1
0.753246753;0.816483378;;660;l1;saga;0.00039516;1;1
0.727272727;0.006031702;;159;l2;liblinear;0.001285256;1;1
0.727272727;0.015913235;;522;l2;liblinear;0.00181091;1;1
0.753246753;278.0984306;;304;l1;liblinear;0.002612211;1;1
0.642857143;0.003076299;balanced;123;l1;liblinear;7.31E-05;1;1
0.694805195;2.576540031;balanced;849;l1;saga;0.039524428;1;1
0.753246753;5786.585556;;298;l1;liblinear;0.003164984;1;1
0.642857143;1.26E-05;;362;l1;saga;0.000681904;1;1
0.701298701;2.66E-05;;100;l2;liblinear;0.000333333;1;1
0.753246753;62.10613887;;593;l2;saga;1.74E-05;1;1
0.753246753;1.031996987;;772;l2;saga;0.011694319;1;1
0.694805195;28.07628501;balanced;819;l1;liblinear;5.89E-05;1;1
0.688311688;17563.35948;balanced;513;l2;saga;0.090294881;1;1
0.642857143;9.78E-05;balanced;675;l1;liblinear;0.000890647;1;1
0.694805195;12600.79619;balanced;796;l1;liblinear;0.000108833;1;1
0.642857143;0.000864783;;681;l2;saga;0.049151937;1;1
0.727272727;0.011736734;;885;l2;liblinear;1.45E-05;1;1
0.753246753;9.368059935;;439;l2;liblinear;5.24E-05;1;1
0.694805195;62.56740114;balanced;371;l2;liblinear;0.009617081;1;1
0.753246753;3.601969496;;488;l2;saga;1.39E-05;1;1
0.753246753;10085.86375;;477;l2;liblinear;1.83E-05;1;1
0.714285714;0.001436997;balanced;511;l2;saga;0.041740677;1;1
0.753246753;0.092132673;;738;l1;liblinear;0.017383874;1;1
0.701298701;2.10E-05;;370;l2;liblinear;0.047435335;1;1
0.642857143;0.000442878;balanced;829;l1;liblinear;0.04143333;1;1
0.694805195;17991.63633;balanced;560;l1;saga;0.011571149;1;1
0.75974026;0.069904704;;458;l1;liblinear;0.024560815;1;1
0.642857143;0.001231761;balanced;539;l1;saga;7.01E-05;1;1
0.785714286;0.011319316;;441;l2;saga;5.55E-05;1;1
0.668831169;0.013449935;balanced;612;l1;liblinear;0.001821406;1;1
0.753246753;117.4141867;;649;l1;saga;0.000582909;1;1
0.694805195;0.062882725;balanced;860;l1;saga;4.12E-05;1;1
0.694805195;2276.55371;balanced;212;l1;liblinear;0.000209169;1;1
0.753246753;94233.26116;;295;l2;liblinear;0.003664291;1;1
0.694805195;239.0242829;balanced;884;l2;liblinear;0.009130654;1;1
0.642857143;0.000946949;;748;l2;saga;1.54E-05;1;1
0.727272727;0.016421498;;665;l2;liblinear;0.010686115;1;1
0.642857143;0.004750989;balanced;284;l1;liblinear;3.20E-05;1;1
0.694805195;43.80063135;balanced;578;l1;liblinear;0.000230964;1;1
0.642857143;1.77E-05;;611;l1;liblinear;1.44E-05;1;1
0.642857143;7.48E-05;;444;l2;saga;0.001527588;1;1
0.694805195;46.13344649;balanced;451;l1;liblinear;1.38E-05;1;1
0.707792208;0.013752726;;494;l1;saga;0.000853183;1;1
0.701298701;0.379815884;balanced;666;l2;saga;3.33E-05;1;1
0.753246753;0.60744609;;745;l2;saga;4.83E-05;1;1
0.707792208;0.000224985;balanced;878;l2;liblinear;0.010652097;1;1
0.642857143;1.69E-05;;854;l1;liblinear;0.004729055;1;1
0.642857143;0.000230376;;293;l2;saga;0.03677003;1;1
0.694805195;19457.1425;balanced;122;l2;saga;4.06E-05;1;1
0.753246753;0.191550053;;941;l1;liblinear;0.00217602;1;1
0.688311688;2.504296922;balanced;191;l2;saga;0.027252496;1;1
0.694805195;39498.66965;balanced;511;l2;liblinear;2.37E-05;1;1
0.694805195;99.13013791;balanced;675;l1;saga;0.000438441;1;1
0.688311688;0.04439271;balanced;461;l1;liblinear;0.056603572;1;1
0.753246753;276.7092593;;414;l2;liblinear;1.65E-05;1;1
0.694805195;0.018771871;balanced;195;l2;saga;0.002356447;1;1
0.701298701;23270.52621;balanced;847;l2;saga;0.041207184;1;1
0.694805195;69.95914533;balanced;536;l2;liblinear;0.005812184;1;1
0.642857143;1.98E-05;;441;l2;saga;0.008187201;1;1
0.701298701;1.01E-05;balanced;925;l2;saga;0.000111107;1;1
0.694805195;0.007523873;balanced;749;l2;saga;0.006104318;1;1
0.681818182;0.007608408;balanced;827;l1;saga;0.000185049;1;1
0.694805195;16786.83782;balanced;903;l1;saga;0.000213237;1;1
0.694805195;689.5202173;balanced;311;l2;saga;3.76E-05;1;1
0.753246753;570.109349;;540;l1;liblinear;6.38E-05;1;1
0.772727273;0.019636175;;886;l2;saga;0.070037352;1;1
0.642857143;0.001053104;;790;l1;liblinear;8.27E-05;1;1
0.694805195;0.967215316;balanced;476;l1;liblinear;0.001241032;1;1
0.746753247;0.077910048;;304;l2;saga;1.36E-05;1;1
0.753246753;4.499525712;;688;l2;saga;0.000512349;1;1
0.753246753;46.13155287;;516;l2;liblinear;0.000494439;1;1
0.772727273;0.088546117;;334;l1;saga;0.002657331;1;1
0.701298701;0.000711826;balanced;406;l2;liblinear;0.01465176;1;1
0.642857143;0.000161097;;314;l2;saga;0.000248216;1;1
0.753246753;708.4217012;;144;l2;saga;0.004803777;1;1
0.694805195;7.321662512;balanced;628;l1;liblinear;0.002226902;1;1
0.694805195;0.33871296;balanced;544;l1;liblinear;0.000474957;1;1
0.753246753;42.02535007;;735;l2;liblinear;0.000484799;1;1
0.701298701;2.188395109;balanced;840;l1;liblinear;1.72E-05;1;1
0.701298701;7.63E-05;;385;l2;liblinear;0.0951196;1;1
0.642857143;0.001601736;;821;l1;liblinear;7.74E-05;1;1
0.707792208;0.001306263;;624;l2;liblinear;0.035774348;1;1
0.694805195;239.4426134;balanced;426;l2;liblinear;6.50E-05;1;1
0.701298701;1062.365918;balanced;900;l2;saga;0.037303204;1;1
0.746753247;33066.51603;;382;l1;saga;0.011510711;1;1
0.642857143;0.000256991;;253;l1;liblinear;0.047689379;1;1
0.694805195;13225.84223;balanced;182;l2;liblinear;0.002517898;1;1
0.701298701;3.904095564;balanced;213;l1;liblinear;0.00074088;1;1
0.753246753;57475.54104;;558;l1;saga;0.002075889;1;1
0.701298701;1.780162538;balanced;380;l1;liblinear;0.004521892;1;1
0.642857143;0.000415455;;130;l2;saga;0.026890527;1;1
0.701298701;0.884700973;balanced;766;l2;saga;0.00673077;1;1
0.642857143;1.49E-05;;222;l1;liblinear;1.46E-05;1;1
0.694805195;36.33451434;balanced;662;l2;liblinear;0.000108735;1;1
0.701298701;1.363060956;balanced;556;l1;saga;5.41E-05;1;1
0.642857143;3.26E-05;;900;l1;saga;0.036663538;1;1
0.720779221;0.000466322;balanced;867;l2;saga;0.053232378;1;1
0.694805195;244.8159664;balanced;640;l2;saga;0.001158384;1;1
0.753246753;88.94378698;;460;l2;liblinear;0.00014049;1;1
0.694805195;0.008162847;balanced;175;l2;saga;4.85E-05;1;1
0.694805195;50.74462735;balanced;933;l1;saga;0.000753422;1;1
0.753246753;6.629047924;;708;l2;saga;4.85E-05;1;1
0.753246753;1.991021071;;446;l2;liblinear;0.000556525;1;1
0.694805195;1.86176606;balanced;255;l2;saga;0.00920947;1;1
0.694805195;180.2871242;balanced;220;l2;liblinear;0.072241857;1;1
0.707792208;0.000316496;balanced;842;l2;liblinear;0.036872545;1;1
0.694805195;12484.06497;balanced;508;l1;liblinear;7.41E-05;1;1
0.694805195;900.9706946;balanced;490;l1;saga;2.77E-05;1;1
0.694805195;28.02502858;balanced;291;l2;liblinear;0.000214384;1;1
0.701298701;0.261819718;balanced;758;l2;saga;0.00108628;1;1
0.701298701;0.000953062;balanced;403;l2;liblinear;0.000200553;1;1
0.753246753;157.2165376;;601;l2;liblinear;2.87E-05;1;1
0.701298701;0.445980103;balanced;260;l2;saga;0.000225753;1;1
0.701298701;0.133440704;balanced;483;l2;liblinear;0.000766667;1;1
0.694805195;45.50734956;balanced;884;l1;liblinear;5.49E-05;1;1
0.642857143;1.07E-05;balanced;289;l1;liblinear;0.003876088;1;1
0.707792208;0.004293673;;663;l2;liblinear;0.027823253;1;1
0.701298701;0.000955211;balanced;642;l2;liblinear;0.006491938;1;1
0.701298701;0.173825739;balanced;523;l2;liblinear;0.021569063;1;1
0.707792208;0.000308889;balanced;186;l2;saga;0.000242922;1;1
0.753246753;1.14557644;;653;l1;saga;0.006201105;1;1
0.707792208;1.20E-05;balanced;301;l2;liblinear;0.009078406;1;1
0.642857143;0.004397265;balanced;365;l1;liblinear;0.003274897;1;1
0.694805195;1799.692117;balanced;531;l1;saga;7.32E-05;1;1
0.74025974;0.024344046;;814;l1;saga;1.38E-05;1;1
0.753246753;1398.601434;;249;l1;liblinear;9.57E-05;1;1
0.357142857;0.004927244;balanced;931;l1;saga;0.000127947;1;1
0.694805195;896.2947921;balanced;276;l2;saga;0.002426213;1;1
0.694805195;949.704283;balanced;712;l1;liblinear;0.063398702;1;1
0.694805195;2197.063548;balanced;613;l2;liblinear;0.000237897;1;1
0.642857143;1.16E-05;balanced;818;l1;liblinear;0.042119563;1;1
0.701298701;3.83E-05;;782;l2;liblinear;2.98E-05;1;1
0.753246753;0.358857532;;579;l2;liblinear;4.79E-05;1;1
0.753246753;33.02669274;;461;l1;liblinear;0.00012516;1;1
0.701298701;0.234182069;balanced;609;l1;liblinear;0.01661712;1;1
0.694805195;381.0808085;balanced;379;l2;saga;0.000146558;1;1
0.753246753;6264.252931;;465;l1;liblinear;0.000174193;1;1
0.642857143;2.32E-05;balanced;447;l1;liblinear;0.020654752;1;1
0.701298701;0.040553451;balanced;539;l2;liblinear;0.028843636;1;1
0.701298701;5.088875998;balanced;160;l1;liblinear;0.003539975;1;1
0.707792208;0.170719369;balanced;654;l1;liblinear;0.000580434;1;1
0.642857143;0.000492372;balanced;657;l1;saga;0.049177947;1;1
0.642857143;0.002025118;balanced;483;l1;saga;1.93E-05;1;1
0.707792208;2.43E-05;balanced;987;l2;liblinear;0.004962316;1;1
0.753246753;12464.00371;;734;l1;liblinear;0.015221006;1;1
0.753246753;0.074144525;;149;l1;liblinear;5.21E-05;1;1
0.701298701;1.943872276;balanced;195;l1;liblinear;0.000157164;1;1
0.694805195;0.062581385;balanced;471;l2;liblinear;0.008072386;1;1
0.642857143;0.001364368;;736;l1;saga;2.71E-05;1;1
0.694805195;10.64902363;balanced;375;l2;liblinear;0.00041807;1;1
0.707792208;0.000325161;balanced;939;l2;saga;0.000117645;1;1
0.701298701;0.005842473;balanced;266;l2;liblinear;0.01866233;1;1
0.694805195;704.9345461;balanced;156;l2;saga;0.002457361;1;1
0.642857143;3.02E-05;balanced;872;l1;saga;0.002260483;1;1
0.701298701;1.4282261;balanced;706;l1;saga;0.000398337;1;1
0.694805195;24953.05865;balanced;774;l2;saga;0.000464209;1;1
0.707792208;0.001650038;;151;l2;liblinear;0.00013627;1;1
0.694805195;1.964468613;balanced;563;l2;saga;0.004698263;1;1
0.688311688;0.046121494;balanced;627;l1;liblinear;0.069470385;1;1
0.753246753;68.80945783;;408;l1;saga;0.003227848;1;1
0.701298701;3.02E-05;balanced;504;l2;saga;1.21E-05;1;1
0.642857143;3.30E-05;;295;l1;saga;7.70E-05;1;1
0.694805195;51986.01181;balanced;218;l1;liblinear;0.000232042;1;1
0.694805195;72939.77025;balanced;484;l2;liblinear;0.011471003;1;1
0.642857143;0.000667325;;256;l2;saga;0.000108912;1;1
0.694805195;1047.185007;balanced;968;l1;saga;2.93E-05;1;1
0.642857143;1.81E-05;;686;l1;saga;1.33E-05;1;1
0.694805195;68662.75345;balanced;956;l1;saga;3.71E-05;1;1
0.694805195;1834.194977;balanced;476;l2;liblinear;0.076641402;1;1
0.701298701;0.000662282;balanced;716;l2;liblinear;0.005916429;1;1
0.642857143;1.97E-05;;107;l2;saga;0.03087135;1;1
0.694805195;0.699929984;balanced;343;l1;liblinear;0.027889316;1;1
0.694805195;285.7950687;balanced;598;l2;saga;2.60E-05;1;1
0.642857143;0.000153375;balanced;217;l1;saga;3.36E-05;1;1
0.694805195;855.4495215;balanced;292;l2;saga;0.000252936;1;1
0.642857143;0.001382379;;912;l1;liblinear;6.76E-05;1;1
0.694805195;493.4940447;balanced;185;l1;liblinear;0.005894574;1;1
0.694805195;1611.053276;balanced;463;l2;liblinear;0.007068258;1;1
0.701298701;0.000859019;balanced;538;l2;liblinear;0.001001233;1;1
0.681818182;0.006574329;balanced;732;l1;saga;0.000257374;1;1
0.694805195;173.0931774;balanced;639;l1;saga;6.25E-05;1;1
0.694805195;66.40932088;balanced;651;l2;saga;1.64E-05;1;1
0.707792208;0.000288935;;256;l2;liblinear;1.12E-05;1;1
0.694805195;28.10251412;balanced;802;l2;liblinear;0.057078262;1;1
0.772727273;0.088557378;;836;l1;saga;0.002628806;1;1
0.753246753;23.08041481;;464;l1;liblinear;5.60E-05;1;1
0.701298701;0.021708457;balanced;509;l1;liblinear;0.00042644;1;1
0.701298701;0.697566432;balanced;482;l1;saga;5.33E-05;1;1
0.753246753;1.868210058;;826;l1;saga;0.000297042;1;1
0.642857143;0.000383427;balanced;137;l1;saga;0.004612458;1;1
0.694805195;0.064294572;balanced;569;l2;liblinear;9.54E-05;1;1
0.753246753;0.792130791;;641;l1;liblinear;0.031060819;1;1
0.642857143;0.000778774;;998;l1;saga;1.74E-05;1;1
0.707792208;0.000407324;balanced;942;l2;saga;0.000956553;1;1
0.694805195;142.4211765;balanced;634;l2;liblinear;0.001767359;1;1
0.694805195;37.07618614;balanced;657;l1;saga;0.010340148;1;1
0.694805195;42917.33778;balanced;965;l2;liblinear;0.000255333;1;1
0.694805195;139.8854011;balanced;273;l2;liblinear;2.57E-05;1;1
0.753246753;73.76915203;;823;l2;saga;0.000365752;1;1
0.694805195;160.4520308;balanced;291;l1;saga;0.001260588;1;1
0.753246753;29057.6936;;588;l1;liblinear;0.010893416;1;1
0.714285714;0.001083416;balanced;882;l2;saga;0.061561265;1;1
0.694805195;11456.09355;balanced;560;l1;saga;0.006747137;1;1
0.753246753;0.736259271;;431;l1;liblinear;0.063939823;1;1
0.642857143;0.000543881;balanced;324;l1;liblinear;0.003973218;1;1
0.694805195;0.060124968;balanced;773;l1;liblinear;0.031494181;1;1
0.753246753;12.98852944;;174;l2;saga;0.000186748;1;1
0.746753247;15.31290847;;109;l1;saga;0.010950342;1;1
0.642857143;2.99E-05;;316;l1;liblinear;0.000173419;1;1
0.74025974;0.039413641;;875;l1;saga;0.000382382;1;1
0.694805195;1393.507099;balanced;210;l2;saga;0.004871963;1;1
0.694805195;78.65553079;balanced;916;l2;saga;8.56E-05;1;1
0.74025974;135.2722206;;635;l1;saga;0.02154661;1;1
0.753246753;125.1615999;;907;l1;liblinear;0.000921954;1;1
0.694805195;261.1812637;balanced;871;l1;liblinear;1.57E-05;1;1
0.701298701;0.000473898;balanced;412;l2;liblinear;0.002135928;1;1
0.694805195;11110.61656;balanced;867;l2;saga;0.000623519;1;1
0.642857143;5.25E-05;balanced;741;l1;liblinear;1.49E-05;1;1
0.694805195;41550.15378;balanced;644;l1;saga;0.011082112;1;1
0.642857143;0.000271869;;293;l2;saga;0.080974075;1;1
0.701298701;2.416918427;balanced;773;l1;liblinear;0.032779394;1;1
0.753246753;8286.818842;;948;l2;liblinear;0.048964212;1;1
