value;params_bootstrap;params_criterion;params_max_depth;params_max_features;params_max_leaf_nodes;params_min_samples_leaf;params_min_samples_split;params_n_estimators;scaled;pca
0.985365854;True;log_loss;40;sqrt;356;0.001956405;0.000275092;826;0;0
0.8;True;entropy;43;log2;530;0.145073597;0.000133758;458;0;0
0.897560976;False;gini;81;log2;372;0.000156768;0.037394428;422;0;0
0.868292683;True;gini;53;sqrt;598;0.005141317;0.02049947;546;0;0
0.809756098;False;gini;26;sqrt;629;0.32724728;0.00759982;186;0;0
0.751219512;False;gini;44;;627;0.272168058;0.045436707;437;0;0
0.8;False;entropy;13;sqrt;97;0.066677755;0.00020414;572;0;0
0.853658537;False;gini;99;log2;651;0.003884672;0.065048543;240;0;0
0.804878049;True;gini;13;log2;175;0.186836601;0.00010115;296;0;0
0.8;True;gini;19;log2;512;0.138027942;0.019326536;317;0;0
0.975609756;True;log_loss;86;;220;0.000629928;0.010176191;582;0;0
0.819512195;False;log_loss;99;;514;0.019200604;0.000798044;628;0;0
0.8;False;entropy;68;log2;648;0.077442655;0.000209349;135;0;0
0.804878049;False;gini;46;sqrt;35;0.171323198;0.012747999;331;0;0
0.892682927;False;entropy;63;sqrt;714;0.009800518;0.00012666;951;0;0
0.8;True;gini;16;sqrt;990;0.053255882;0.045250694;811;0;0
0.824390244;False;entropy;77;log2;183;0.007738049;0.196205004;430;0;0
0.985365854;True;gini;72;sqrt;574;0.000325817;0.002173442;404;0;0
0.824390244;True;entropy;67;log2;766;0.00376827;0.086786196;718;0;0
0.775609756;True;gini;37;;3;0.028638758;0.003876864;37;0;0
0.824390244;True;log_loss;61;log2;657;0.015431664;0.069135252;791;0;0
0.751219512;False;entropy;34;;660;0.299966679;0.00029553;282;0;0
0.809756098;False;gini;17;log2;542;0.218722161;0.812035791;795;0;0
0.985365854;False;gini;82;sqrt;935;0.000562181;0.006087058;483;0;0
0.985365854;True;gini;23;sqrt;402;0.000724774;0.000233637;966;0;0
0.985365854;True;gini;76;sqrt;923;0.000166803;0.000264044;813;0;0
0.985365854;True;log_loss;34;sqrt;925;0.00187708;0.001166694;844;0;0
0.819512195;False;entropy;97;log2;336;0.000593973;0.4285398;441;0;0
0.917073171;True;entropy;77;log2;829;0.004573041;0.002672907;766;0;0
0.502439024;True;gini;82;;616;0.001550401;0.930979981;545;0;0
0.868292683;False;gini;83;sqrt;705;0.010894727;0.05327298;390;0;0
0.819512195;False;log_loss;84;sqrt;510;0.000708686;0.699385477;522;0;0
0.887804878;False;entropy;56;log2;597;0.01189177;0.001523851;27;0;0
0.751219512;True;entropy;100;;634;0.188673023;0.058933797;488;0;0
0.907317073;False;entropy;41;;682;0.003348949;0.001898551;620;0;0
0.951219512;False;entropy;45;sqrt;671;0.005365604;0.015040062;861;0;0
0.956097561;False;entropy;87;;485;0.001413171;0.004279292;148;0;0
0.804878049;False;log_loss;83;;400;0.022645888;0.002241362;749;0;0
0.843902439;False;gini;84;log2;969;0.031674078;0.005071751;60;0;0
0.502439024;True;entropy;62;;629;0.130498996;0.931624883;359;0;0
0.931707317;False;gini;9;;787;0.004463091;0.000541658;579;0;0
0.941463415;False;gini;71;log2;154;0.007128833;0.013560785;265;0;0
0.87804878;True;entropy;77;sqrt;517;0.000462313;0.030744802;613;0;0
0.975609756;False;gini;75;;492;0.001620758;0.002659551;856;0;0
0.502439024;True;log_loss;33;sqrt;198;0.001941673;0.713679254;338;0;0
0.873170732;False;gini;10;;692;0.007894413;0.00615989;512;0;0
0.795121951;True;log_loss;14;sqrt;811;0.231582089;0.008859635;812;0;0
0.804878049;True;gini;83;sqrt;890;0.004238499;0.293733165;538;0;0
0.985365854;False;gini;74;;793;0.00104118;0.000172229;216;0;0
0.985365854;False;log_loss;33;log2;825;0.000271983;0.00107077;764;0;0
0.790243902;True;log_loss;64;;25;0.000125489;0.175797732;252;0;0
0.902439024;False;log_loss;69;sqrt;368;0.000241725;0.045592239;180;0;0
0.502439024;True;entropy;12;log2;215;0.397226858;0.259334013;241;0;0
0.926829268;False;log_loss;82;log2;970;0.000885952;0.026008979;763;0;0
0.985365854;True;entropy;49;log2;819;0.000632452;0.000186827;733;0;0
0.819512195;True;gini;28;;426;0.014223313;0.005356074;233;0;0
0.795121951;False;log_loss;35;log2;68;0.429775712;0.005660713;860;0;0
0.897560976;False;log_loss;32;sqrt;392;0.008841461;0.010387141;960;0;0
0.970731707;False;entropy;36;sqrt;265;0.002891627;0.017017779;774;0;0
0.985365854;False;entropy;58;log2;440;0.000190264;0.000823083;937;0;0
0.804878049;True;entropy;24;sqrt;600;0.09658598;0.0002398;359;0;0
0.804878049;True;log_loss;45;log2;146;0.025144706;0.357585344;446;0;0
0.804878049;False;log_loss;25;sqrt;454;0.133392478;0.140832809;352;0;0
0.985365854;True;log_loss;83;sqrt;84;0.001158428;0.001187402;127;0;0
0.985365854;True;gini;95;log2;756;0.001068632;0.001308298;185;0;0
0.809756098;True;entropy;23;;538;0.017428867;0.056246112;169;0;0
0.790243902;True;entropy;85;sqrt;607;0.226631624;0.026528188;693;0;0
0.863414634;False;log_loss;80;sqrt;622;0.001033393;0.055521069;80;0;0
0.985365854;True;entropy;78;log2;146;0.00040551;0.00020905;81;0;0
0.83902439;False;log_loss;8;;550;0.003713292;0.031662296;637;0;0
0.897560976;False;entropy;28;sqrt;951;0.00281541;0.048502529;354;0;0
0.804878049;True;gini;21;sqrt;206;0.087992732;0.000211103;76;0;0
0.985365854;False;entropy;77;log2;945;0.001402524;0.000385467;706;0;0
0.814634146;True;gini;22;sqrt;896;0.00362528;0.523832043;892;0;0
0.8;True;gini;19;log2;307;0.033406201;0.001191985;917;0;0
0.853658537;False;gini;56;sqrt;242;0.000829432;0.096638505;914;0;0
0.985365854;True;entropy;52;log2;157;0.001377358;0.005753158;107;0;0
0.819512195;True;gini;4;log2;44;0.000124381;0.019138203;995;0;0
0.96097561;False;gini;25;sqrt;966;0.001299062;0.015989082;351;0;0
0.843902439;False;log_loss;32;sqrt;608;0.023761101;0.010713437;1000;0;0
0.868292683;True;log_loss;50;log2;599;0.003191057;0.028253692;471;0;0
0.902439024;False;log_loss;6;log2;700;0.000523831;0.004995787;368;0;0
0.926829268;True;log_loss;44;sqrt;174;0.000124938;0.018185178;205;0;0
0.502439024;True;entropy;13;sqrt;626;0.363068175;0.000139928;182;0;0
0.780487805;True;gini;2;;950;0.07495418;0.000572744;136;0;0
0.8;False;log_loss;68;log2;162;0.055325178;0.001254271;711;0;0
0.824390244;False;entropy;77;log2;262;0.002114334;0.296954064;276;0;0
0.897560976;True;gini;97;log2;560;0.005913975;0.001259247;872;0;0
0.868292683;False;entropy;97;log2;964;0.009914343;0.065932313;499;0;0
0.8;False;gini;78;log2;373;0.087066933;0.000287839;625;0;0
0.804878049;False;entropy;78;sqrt;974;0.000168847;0.457850917;683;0;0
0.985365854;False;gini;25;log2;686;0.0035999;0.008183866;882;0;0
0.985365854;False;log_loss;14;sqrt;287;0.001953092;0.00449133;969;0;0
0.502439024;True;log_loss;64;;825;0.341401223;0.000170704;55;0;0
0.985365854;True;gini;90;;539;0.001287872;0.001336634;935;0;0
0.804878049;True;log_loss;14;log2;295;0.001112647;0.307002736;1000;0;0
0.985365854;False;log_loss;33;;964;0.000323069;0.000201381;596;0;0
0.751219512;False;entropy;40;;78;0.004877149;0.741445727;967;0;0
0.985365854;False;gini;58;sqrt;882;0.000110177;0.000186399;278;0;0
0.775609756;False;log_loss;70;log2;939;0.414378131;0.325203931;498;0;0
0.751219512;True;log_loss;73;;363;0.001351923;0.40297609;21;0;0
0.829268293;True;gini;3;log2;50;0.06898107;0.000945146;203;0;0
0.751219512;False;gini;45;;193;0.004929507;0.797855861;427;0;0
0.502439024;True;log_loss;43;sqrt;578;0.465724466;0.098314293;175;0;0
0.804878049;False;log_loss;6;log2;567;0.174883507;0.000111676;938;0;0
0.502439024;True;entropy;12;sqrt;992;0.000156311;0.900061841;96;0;0
0.985365854;False;gini;98;sqrt;988;0.000385085;0.005159725;405;0;0
0.985365854;False;entropy;56;log2;970;0.000209552;0.001055182;737;0;0
0.775609756;True;entropy;8;log2;143;0.239969352;0.003737854;400;0;0
0.751219512;False;entropy;76;;99;0.475752241;0.16317334;106;0;0
0.83902439;True;entropy;92;sqrt;630;0.000383579;0.100460436;168;0;0
0.790243902;True;entropy;67;sqrt;988;0.046200789;0.008234085;746;0;0
0.848780488;False;log_loss;75;sqrt;190;0.022542824;0.002678542;625;0;0
0.673170732;False;entropy;52;;803;0.00019266;0.252151454;631;0;0
0.751219512;True;entropy;51;;60;0.247154903;0.00085561;264;0;0
0.756097561;True;log_loss;24;sqrt;62;0.274459795;0.010699268;54;0;0
0.8;True;gini;54;sqrt;762;0.041177984;0.000751167;572;0;0
0.985365854;False;entropy;88;sqrt;800;0.000590562;0.007738469;692;0;0
0.868292683;True;gini;27;sqrt;997;0.008216979;0.000387572;540;0;0
0.985365854;True;gini;32;sqrt;95;0.000911341;0.009617674;413;0;0
0.819512195;True;gini;38;;256;0.018135652;0.014457519;425;0;0
0.502439024;True;entropy;61;;318;0.499233337;0.000104526;812;0;0
0.892682927;True;gini;47;log2;26;0.000846282;0.00315599;299;0;0
0.87804878;False;log_loss;69;log2;252;0.014291982;0.000373975;615;0;0
0.824390244;False;entropy;89;;995;0.00361155;0.055982956;545;0;0
0.795121951;True;entropy;48;;706;0.000145155;0.141973583;142;0;0
0.819512195;True;entropy;83;sqrt;553;0.078965186;0.20596863;326;0;0
0.956097561;False;log_loss;99;;809;0.001940633;0.001471958;16;0;0
0.956097561;False;log_loss;97;;375;0.002177645;0.00164647;901;0;0
0.780487805;True;entropy;70;;918;0.07981263;0.007070677;717;0;0
0.770731707;True;gini;58;;864;0.083242632;0.000459617;816;0;0
0.985365854;True;entropy;42;sqrt;704;0.002122405;0.001285516;93;0;0
0.985365854;False;log_loss;68;log2;312;0.004277515;0.000110458;319;0;0
0.902439024;False;entropy;19;log2;30;0.00035583;0.000410595;982;0;0
0.985365854;True;entropy;43;log2;760;0.000650085;0.000479005;76;0;0
0.985365854;False;entropy;19;sqrt;236;0.000869413;0.000926573;620;0;0
0.985365854;False;log_loss;46;;827;0.000314956;0.003097719;767;0;0
0.8;False;log_loss;7;sqrt;620;0.019968768;0.433363102;644;0;0
0.843902439;False;gini;29;;650;0.013227751;0.000529423;699;0;0
0.902439024;True;entropy;32;sqrt;66;0.004144217;0.017141778;974;0;0
0.912195122;True;log_loss;6;sqrt;75;0.002104423;0.000788993;119;0;0
0.941463415;True;gini;33;log2;835;0.001068582;0.017755558;60;0;0
0.902439024;False;gini;23;sqrt;274;0.009422266;0.006349134;668;0;0
0.795121951;False;log_loss;90;sqrt;773;0.249567784;0.035835196;453;0;0
0.790243902;False;log_loss;100;log2;314;0.390537112;0.031705275;159;0;0
0.965853659;False;gini;75;sqrt;358;0.004938543;0.001898688;593;0;0
0.970731707;True;entropy;35;;961;0.000625222;0.013004042;64;0;0
0.951219512;True;gini;95;sqrt;429;0.002774326;0.001076936;861;0;0
0.863414634;True;gini;35;log2;94;0.010874001;0.002895504;899;0;0
0.765853659;True;entropy;26;;438;0.146547818;0.000151505;924;0;0
0.751219512;True;entropy;53;;337;0.216368335;0.001706315;662;0;0
0.985365854;True;log_loss;23;log2;410;0.000133749;0.00374018;124;0;0
0.502439024;True;entropy;100;log2;11;0.498740889;0.063431626;907;0;0
0.863414634;True;gini;41;log2;294;0.005468139;0.033649438;538;0;0
0.985365854;False;gini;42;;492;0.000301231;0.000649307;55;0;0
0.829268293;True;log_loss;10;log2;480;0.063451479;0.185952324;294;0;0
0.751219512;True;log_loss;19;;539;0.199754589;0.019165364;89;0;0
0.502439024;True;gini;64;;662;0.028893707;0.673194488;260;0;0
0.795121951;True;gini;8;sqrt;488;0.022273155;0.393357139;20;0;0
0.819512195;True;entropy;78;log2;152;0.119027028;0.000185521;600;0;0
0.502439024;True;log_loss;67;;691;0.466720606;0.003161561;123;0;0
0.975609756;True;log_loss;25;;186;0.00446413;0.000615339;170;0;0
0.819512195;True;log_loss;4;;454;0.000222665;0.015876765;625;0;0
0.824390244;False;gini;26;log2;694;0.023607879;0.425056271;223;0;0
0.829268293;True;log_loss;53;log2;135;0.000687234;0.218769527;677;0;0
0.985365854;False;gini;9;log2;715;0.000269206;0.001415846;959;0;0
0.956097561;True;entropy;61;sqrt;407;0.002613073;0.001111143;921;0;0
0.819512195;True;entropy;99;log2;191;0.203034094;0.000196763;884;0;0
0.814634146;False;gini;77;sqrt;282;0.09715124;0.000929073;80;0;0
0.502439024;True;gini;20;sqrt;36;0.451728819;0.050741966;15;0;0
0.868292683;False;log_loss;40;sqrt;438;0.016029191;0.049323785;475;0;0
0.985365854;False;entropy;97;log2;632;0.000735002;0.002846395;440;0;0
0.926829268;False;log_loss;83;sqrt;906;0.007915625;0.013756864;542;0;0
0.941463415;False;entropy;86;;611;0.0002587;0.011921726;933;0;0
0.926829268;False;entropy;34;log2;36;0.000143394;0.001349882;542;0;0
0.809756098;False;entropy;99;log2;6;0.001055142;0.997233637;951;0;0
0.804878049;True;entropy;41;sqrt;309;0.026905038;0.300765507;81;0;0
0.931707317;True;entropy;40;log2;340;0.004348546;0.000527393;350;0;0
0.736585366;False;gini;14;log2;403;0.435610392;0.017488938;97;0;0
0.985365854;True;log_loss;48;sqrt;608;0.001599224;0.000668989;306;0;0
0.819512195;True;gini;81;sqrt;560;0.073761224;0.025712557;520;0;0
0.917073171;False;gini;67;log2;944;0.000102765;0.027273419;690;0;0
0.985365854;True;entropy;66;log2;574;0.001573434;0.002577009;931;0;0
0.731707317;False;entropy;81;sqrt;946;0.465812221;0.000615319;300;0;0
0.502439024;True;gini;77;;849;0.484861734;0.009616079;361;0;0
0.804878049;False;log_loss;86;log2;989;0.12452812;0.380942514;775;0;0
0.985365854;False;entropy;41;log2;398;0.004549303;0.010227277;681;0;0
0.882926829;False;entropy;57;log2;158;0.014588915;0.000113673;23;0;0
0.795121951;False;gini;48;log2;217;0.204684163;0.000199882;813;0;0
0.892682927;False;log_loss;99;sqrt;54;0.010467722;0.000761425;439;0;0
0.824390244;True;gini;59;log2;435;0.000682961;0.078229404;476;0;0
0.751219512;False;gini;61;;266;0.06981711;0.762510475;728;0;0
0.92195122;False;gini;61;;405;0.00311229;0.018667933;295;0;0
0.985365854;False;entropy;15;log2;467;0.003578038;0.001636509;128;0;0
0.985365854;True;log_loss;21;log2;911;0.000254804;0.000140178;550;0;0
0.985365854;False;log_loss;46;log2;643;0.000242258;0.000226627;526;0;0
0.804878049;False;gini;1;log2;698;0.000144188;0.002232929;929;0;0
0.829268293;False;entropy;46;log2;565;0.011224773;0.177558847;630;0;0
0.502439024;True;gini;75;;634;0.33713543;0.877573763;310;0;0
0.809756098;True;entropy;69;log2;753;0.053851422;0.169364081;290;0;0
0.985365854;True;log_loss;19;sqrt;435;0.000916959;0.00236681;66;0;0
0.907317073;False;entropy;54;;239;0.002954232;0.002762024;107;0;0
0.814634146;False;log_loss;6;sqrt;771;0.082776107;0.008192849;587;0;0
0.848780488;True;gini;62;log2;137;0.003705216;0.048360645;852;0;0
0.83902439;True;entropy;57;sqrt;898;0.015620335;0.024985281;200;0;0
0.775609756;True;log_loss;94;sqrt;975;0.2679521;0.00726414;313;0;0
0.751219512;True;entropy;53;;70;0.276804995;0.000889751;903;0;0
0.790243902;False;log_loss;76;sqrt;3;0.001725191;0.012172437;710;0;0
0.970731707;True;gini;94;sqrt;614;0.001322494;0.001605426;631;0;0
0.775609756;True;gini;7;;318;0.091583714;0.0700067;284;0;0
0.780487805;True;log_loss;10;;606;0.062064539;0.026561967;240;0;0
0.790243902;True;log_loss;14;;82;0.003642052;0.148606251;714;0;0
0.8;False;gini;18;sqrt;312;0.008659692;0.581078009;812;0;0
0.819512195;False;entropy;22;sqrt;875;0.007210213;0.279299847;96;0;0
0.902439024;True;entropy;33;log2;511;0.006987214;0.012086738;364;0;0
0.502439024;True;log_loss;77;sqrt;380;0.011059283;0.691087828;412;0;0
0.814634146;False;log_loss;15;sqrt;665;0.028088538;0.261064966;51;0;0
0.843902439;False;gini;18;;159;0.01810347;0.005319306;935;0;0
0.868292683;True;entropy;65;sqrt;780;0.000200599;0.044589446;156;0;0
0.712195122;False;entropy;64;;544;0.187019038;0.008014687;733;0;0
0.970731707;True;entropy;42;log2;54;0.001364114;0.002914482;935;0;0
0.785365854;False;log_loss;37;log2;858;0.243119817;0.018331057;528;0;0
0.985365854;False;log_loss;26;log2;382;0.001065375;0.000394232;503;0;0
0.824390244;False;gini;26;log2;579;0.00046412;0.570144677;265;0;0
0.985365854;False;gini;22;sqrt;629;0.001290541;0.001738959;764;0;0
0.795121951;False;entropy;80;log2;869;0.044375278;0.000144607;660;0;0
0.863414634;True;log_loss;40;sqrt;359;0.008633182;0.021621856;740;0;0
0.775609756;True;log_loss;16;sqrt;600;0.232789686;0.000177969;496;0;0
0.765853659;True;gini;49;;317;0.064994178;0.054338983;747;0;0
0.829268293;False;entropy;38;sqrt;114;0.003618185;0.153627323;297;0;0
0.785365854;True;log_loss;25;;419;0.101461826;0.079660384;230;0;0
0.931707317;False;entropy;16;sqrt;466;0.000270526;0.02691648;210;0;0
0.804878049;False;log_loss;93;sqrt;849;0.122966983;0.013650635;280;0;0
0.819512195;True;entropy;2;log2;368;0.006283655;0.005395319;939;0;0
0.8;False;gini;98;log2;979;0.052476478;0.005114147;564;0;0
0.941463415;True;entropy;43;;656;0.000605241;0.01837267;903;0;0
0.819512195;True;log_loss;85;sqrt;12;0.000370818;0.356321112;818;0;0
0.897560976;False;gini;73;sqrt;491;0.008748598;0.000187887;478;0;0
0.804878049;False;log_loss;19;log2;537;0.162396474;0.016643789;494;0;0
0.809756098;True;gini;7;sqrt;651;0.03218153;0.139769035;391;0;0
0.775609756;True;entropy;55;sqrt;601;0.230686236;0.000212315;346;0;0
0.985365854;True;entropy;81;log2;88;0.000130579;0.006906936;129;0;0
0.804878049;False;gini;65;;275;0.000100286;0.057758699;551;0;0
0.985365854;True;gini;83;sqrt;116;0.002398292;0.003853031;515;0;0
0.809756098;False;gini;81;sqrt;720;0.021722968;0.739471951;777;0;0
0.795121951;False;gini;45;sqrt;291;0.104429504;0.000124706;691;0;0
0.985365854;False;gini;96;sqrt;724;0.000452897;0.000225622;195;0;0
0.834146341;True;entropy;30;log2;335;0.00573316;0.074152351;867;0;0
0.951219512;False;gini;19;sqrt;838;0.000302037;0.0204821;495;0;0
0.829268293;False;entropy;12;sqrt;275;0.003314488;0.280542737;201;0;0
0.902439024;True;log_loss;91;sqrt;629;0.000212296;0.025536263;939;0;0
0.985365854;True;entropy;44;;320;0.001048904;0.000100551;975;0;0
0.804878049;False;entropy;23;sqrt;65;0.033319812;0.015669863;78;0;0
0.790243902;True;entropy;68;;784;0.003825687;0.171185617;548;0;0
0.853658537;False;log_loss;78;sqrt;763;0.0050291;0.082633768;184;0;0
0.843902439;False;gini;40;;714;0.00039968;0.026371637;305;0;0
0.83902439;False;entropy;67;log2;843;0.026931207;0.000216157;347;0;0
0.502439024;True;entropy;42;sqrt;215;0.023382086;0.81519577;500;0;0
0.83902439;False;entropy;58;;118;0.01752558;0.001003545;637;0;0
0.92195122;True;gini;91;;58;0.005521943;0.002650862;440;0;0
0.985365854;False;log_loss;27;;833;0.000546276;0.000364554;230;0;0
0.819512195;True;log_loss;2;log2;302;0.002476473;0.001291541;848;0;0
0.819512195;True;gini;27;sqrt;919;0.098599239;0.001467765;227;0;0
0.985365854;True;entropy;14;log2;55;0.00015521;0.000475637;805;0;0
0.502439024;True;log_loss;53;log2;780;0.393264552;0.009045266;662;0;0
0.741463415;False;log_loss;48;;748;0.076875231;0.027873853;765;0;0
0.985365854;False;gini;21;sqrt;352;0.000651494;0.000383566;215;0;0
0.804878049;False;log_loss;85;sqrt;298;0.276185593;0.058241175;975;0;0
0.726829268;False;gini;17;sqrt;701;0.471410346;0.906702251;220;0;0
0.751219512;False;entropy;53;;975;0.005134519;0.634954537;193;0;0
0.83902439;True;entropy;4;log2;661;0.001822;0.005523541;551;0;0
0.819512195;True;gini;14;log2;991;0.015928823;0.095239322;683;0;0
0.985365854;False;gini;77;log2;319;0.000116051;0.003462282;67;0;0
0.814634146;True;entropy;1;log2;840;0.126907463;0.007341472;334;0;0
0.848780488;False;gini;83;sqrt;853;0.025772981;0.001778888;240;0;0
0.980487805;False;gini;8;sqrt;61;0.00014117;0.001081049;164;0;0
0.795121951;True;log_loss;3;sqrt;455;0.049110163;0.004419374;744;0;0
0.824390244;True;log_loss;75;sqrt;932;0.00299332;0.148638626;452;0;0
0.809756098;False;log_loss;2;sqrt;7;0.00763744;0.03443705;697;0;0
0.985365854;True;gini;80;;48;0.000394469;0.000210143;744;0;0
0.804878049;True;entropy;24;sqrt;639;0.138607262;0.000165561;704;0;0
0.858536585;True;entropy;74;;190;0.00428965;0.037883585;690;0;0
0.985365854;True;log_loss;43;log2;944;0.000673502;0.000203328;329;0;0
0.985365854;False;log_loss;89;sqrt;523;0.000546904;0.000906549;736;0;0
0.824390244;False;gini;68;sqrt;446;0.007670737;0.776056279;472;0;0
0.985365854;False;gini;88;log2;473;0.000213322;0.001640946;912;0;0
0.970731707;False;entropy;40;log2;46;0.000218715;0.000316296;456;0;0
0.502439024;True;entropy;19;sqrt;114;0.000654517;0.689827935;697;0;0
0.814634146;True;entropy;14;;808;0.000916727;0.056323238;896;0;0
0.902439024;False;gini;74;;285;0.00541481;0.000131732;198;0;0
0.819512195;True;gini;80;sqrt;44;0.144043638;0.000948995;186;0;0
0.770731707;False;gini;6;;882;0.056824582;0.00468901;439;0;0
0.843902439;True;log_loss;70;log2;653;0.000181332;0.069846651;248;0;0
0.985365854;True;gini;94;;246;0.000280128;0.000250741;447;0;0
0.819512195;False;gini;22;sqrt;438;0.019801199;0.22410286;697;0;0
0.790243902;True;log_loss;7;;855;0.029323379;0.019892851;374;0;0
0.926829268;False;entropy;20;sqrt;118;0.001997002;0.027131063;990;0;0
0.985365854;True;gini;55;log2;386;0.000290992;0.003010076;90;0;0
0.858536585;True;log_loss;14;log2;248;0.001059255;0.049036141;785;0;0
0.67804878;False;log_loss;55;;569;0.001520868;0.441295713;586;0;0
0.985365854;False;log_loss;60;log2;159;0.000500633;0.001060061;201;0;0
0.814634146;True;entropy;53;log2;742;0.002518296;0.129212379;942;0;0
0.931707317;True;entropy;14;log2;242;0.004520911;0.006127913;233;0;0
0.824390244;False;gini;63;sqrt;944;0.00077555;0.537764203;487;0;0
0.887804878;True;entropy;95;log2;540;0.008104638;0.010202878;394;0;0
0.502439024;True;log_loss;40;log2;622;0.000151385;0.95743818;305;0;0
0.892682927;False;entropy;51;;907;0.004882645;0.004696188;885;0;0
0.746341463;True;log_loss;3;sqrt;249;0.270454152;0.004275932;420;0;0
0.804878049;False;log_loss;66;log2;248;0.005849389;0.858278888;914;0;0
0.775609756;False;gini;90;log2;460;0.37492144;0.571439171;318;0;0
0.8;False;log_loss;25;sqrt;88;0.063767728;0.002382224;758;0;0
0.809756098;True;log_loss;78;log2;913;0.109093624;0.000196491;510;0;0
0.502439024;True;gini;100;;356;0.366227404;0.001839495;710;0;0
0.902439024;False;log_loss;37;;282;0.007959235;0.000311804;56;0;0
0.751219512;False;gini;5;;831;0.049471873;0.900850857;970;0;0
0.72195122;True;log_loss;20;log2;374;0.300106044;0.000505676;571;0;0
0.985365854;False;entropy;63;log2;766;0.003590148;0.002790124;80;0;0
0.834146341;True;gini;55;;175;0.004603921;0.037644741;120;0;0
0.848780488;False;entropy;76;;86;0.012175021;0.002533667;882;0;0
0.83902439;True;entropy;44;sqrt;19;0.005598669;0.055898155;957;0;0
0.907317073;False;log_loss;56;sqrt;470;0.000534279;0.038617686;588;0;0
0.502439024;True;gini;6;;738;0.425501862;0.000435192;461;0;0
0.863414634;False;entropy;26;;129;0.001294828;0.030303859;433;0;0
0.67804878;False;log_loss;17;;859;0.000484579;0.320024779;715;0;0
0.804878049;False;gini;58;log2;715;0.067304422;0.000990763;504;0;0
0.897560976;False;log_loss;81;log2;43;0.009662458;0.009709705;160;0;0
0.975609756;False;gini;63;;218;0.000304863;0.004942435;349;0;0
0.985365854;False;gini;69;sqrt;190;0.00028361;0.001372106;207;0;0
0.897560976;False;entropy;37;;150;0.004094868;0.00207874;641;0;0
0.829268293;True;gini;88;sqrt;925;0.00022032;0.123454949;202;0;0
0.751219512;False;log_loss;86;;362;0.217716816;0.441881586;200;1;0
0.951219512;True;log_loss;6;;207;0.000489891;0.003381154;659;1;0
0.751219512;True;entropy;40;;146;0.16515392;0.032946474;184;1;0
0.985365854;False;entropy;40;log2;242;0.000290498;0.000224732;386;1;0
0.956097561;False;log_loss;57;sqrt;678;0.002715406;0.017859952;228;1;0
0.751219512;True;log_loss;3;;150;0.018165302;0.628850133;82;1;0
0.985365854;False;log_loss;60;log2;978;0.001621951;0.006200345;719;1;0
0.985365854;True;entropy;85;log2;791;0.000275646;0.002183441;145;1;0
0.751219512;True;log_loss;71;;774;0.283059901;0.000112238;932;1;0
0.8;False;gini;39;log2;731;0.027853684;0.658184135;168;1;0
0.829268293;True;entropy;79;log2;526;0.000504784;0.24754351;445;1;0
0.863414634;True;entropy;49;;824;0.001138483;0.048270977;51;1;0
0.502439024;True;log_loss;96;log2;808;0.424070701;0.003932633;194;1;0
0.985365854;True;log_loss;17;sqrt;822;0.00021801;0.001825848;306;1;0
0.804878049;False;gini;69;sqrt;766;0.317295927;0.000463658;662;1;0
0.8;False;log_loss;3;log2;120;0.016877556;0.04178068;933;1;0
0.751219512;True;entropy;20;;310;0.170442981;0.000274413;510;1;0
0.985365854;True;log_loss;50;log2;469;0.000503783;0.001219761;223;1;0
0.785365854;False;entropy;11;sqrt;500;0.359346255;0.000553438;927;1;0
0.785365854;True;log_loss;38;;295;0.000130103;0.270108639;169;1;0
0.824390244;False;log_loss;45;sqrt;377;0.000393332;0.531166174;295;1;0
0.931707317;False;gini;24;;672;0.00406663;0.000172186;833;1;0
0.83902439;True;gini;98;sqrt;86;0.004136909;0.259275374;228;1;0
0.843902439;False;log_loss;56;;392;0.010109154;0.000416223;674;1;0
0.970731707;False;entropy;95;log2;387;0.005298411;0.009238038;463;1;0
0.858536585;True;log_loss;22;;725;0.008281807;0.033768446;193;1;0
0.985365854;False;log_loss;41;sqrt;623;0.002285858;0.004741095;724;1;0
0.946341463;False;log_loss;22;;221;0.000630127;0.009456714;128;1;0
0.790243902;False;log_loss;47;log2;292;0.256023601;0.079809103;90;1;0
0.8;True;entropy;50;;431;0.000144933;0.145709189;21;1;0
0.819512195;True;log_loss;43;log2;9;0.093325994;0.003975168;164;1;0
0.985365854;False;log_loss;35;;385;0.001194969;0.000503687;659;1;0
0.502439024;True;entropy;93;log2;724;0.394369305;0.017239403;269;1;0
0.985365854;False;gini;12;log2;972;0.000278725;0.006618306;444;1;0
0.502439024;True;gini;46;;192;0.011325927;0.936740285;43;1;0
0.795121951;False;entropy;14;log2;855;0.178572663;0.003543922;803;1;0
0.829268293;True;log_loss;17;log2;831;0.00037645;0.219009086;861;1;0
0.736585366;False;entropy;65;;944;0.003026248;0.174877132;749;1;0
0.819512195;True;entropy;77;log2;256;0.000260526;0.42733059;109;1;0
0.970731707;True;gini;32;sqrt;466;0.003274365;0.000221015;219;1;0
0.8;True;log_loss;25;log2;586;0.049165124;0.000129556;967;1;0
0.795121951;True;entropy;56;;425;0.029913235;0.088771155;255;1;0
0.863414634;False;log_loss;34;log2;828;0.004375548;0.084667074;390;1;0
0.87804878;False;gini;18;sqrt;774;0.000234457;0.048641664;45;1;0
0.795121951;True;entropy;100;;735;0.031587103;0.000439371;121;1;0
0.795121951;False;gini;8;sqrt;599;0.142950371;0.002108275;738;1;0
0.751219512;True;gini;1;;323;0.002409714;0.005671937;874;1;0
0.985365854;False;gini;88;;734;0.000814806;0.000448697;551;1;0
0.502439024;True;log_loss;37;;727;0.199604057;0.881829232;871;1;0
0.83902439;True;entropy;61;sqrt;702;0.016042588;0.013926877;386;1;0
0.868292683;False;log_loss;5;log2;75;0.006148308;0.011225987;692;1;0
0.87804878;False;entropy;66;log2;422;0.012402402;0.012202184;888;1;0
0.985365854;False;entropy;93;log2;262;0.000733483;0.000336184;963;1;0
0.887804878;True;log_loss;80;sqrt;221;0.000319586;0.026924248;304;1;0
0.8;False;gini;99;log2;999;0.054034029;0.000147589;700;1;0
0.67804878;False;log_loss;41;;774;0.004206889;0.381464707;903;1;0
0.868292683;True;entropy;15;;268;0.010727813;0.001856757;517;1;0
0.804878049;False;entropy;13;log2;639;0.10528343;0.179535826;452;1;0
0.795121951;False;entropy;70;sqrt;293;0.04485466;0.01828903;704;1;0
0.751219512;True;entropy;20;;365;0.305963084;0.000384236;226;1;0
0.985365854;True;gini;76;log2;929;0.000119101;0.001288842;115;1;0
0.8;False;gini;3;sqrt;379;0.000556358;0.028583894;129;1;0
0.985365854;True;log_loss;90;;983;0.001154378;0.004254461;918;1;0
0.780487805;True;log_loss;60;;277;0.045256086;0.017508486;676;1;0
0.751219512;True;log_loss;10;;666;0.198809641;0.577834356;501;1;0
0.92195122;True;entropy;98;sqrt;213;0.00230141;0.02090246;492;1;0
0.907317073;False;gini;20;sqrt;667;0.007593517;0.00306126;229;1;0
0.780487805;False;log_loss;85;sqrt;775;0.215842843;0.001306018;573;1;0
0.970731707;False;log_loss;12;sqrt;609;0.005749545;0.006598063;773;1;0
0.790243902;True;entropy;21;;332;0.000787831;0.235583801;910;1;0
0.926829268;False;gini;25;sqrt;884;0.006705245;0.002157973;186;1;0
0.795121951;False;log_loss;75;sqrt;786;0.115435169;0.006171049;644;1;0
0.985365854;False;gini;82;sqrt;236;0.000791852;0.007290884;360;1;0
0.941463415;True;entropy;7;;662;0.004162284;0.002097758;535;1;0
0.809756098;False;entropy;79;log2;360;0.320653179;0.000879328;505;1;0
0.795121951;True;gini;21;log2;805;0.091256941;0.002004809;868;1;0
0.804878049;True;entropy;12;log2;217;0.110542057;0.371473783;502;1;0
0.804878049;True;log_loss;83;log2;66;0.084246449;0.000372988;819;1;0
0.804878049;True;gini;12;sqrt;325;0.003689965;0.088253829;88;1;0
0.809756098;False;entropy;53;log2;891;0.081852873;0.126766834;441;1;0
0.814634146;True;gini;95;sqrt;857;0.000530588;0.114630502;354;1;0
0.502439024;True;gini;88;;193;0.401610247;0.000592745;237;1;0
0.892682927;False;entropy;60;sqrt;305;0.01218127;0.000208674;537;1;0
0.917073171;False;log_loss;97;sqrt;41;0.008526502;0.005987852;740;1;0
0.834146341;True;entropy;70;;767;0.016009766;0.01247503;540;1;0
0.907317073;True;log_loss;6;log2;202;0.000112264;0.015052931;115;1;0
0.502439024;True;log_loss;94;;466;0.402426417;0.000848022;995;1;0
0.834146341;True;gini;75;;118;0.012662458;0.002738477;196;1;0
0.8;True;gini;49;log2;123;0.042810006;0.000849322;885;1;0
0.804878049;True;entropy;69;log2;382;0.208132038;0.006207765;980;1;0
0.917073171;False;gini;98;sqrt;939;0.000226922;0.029085386;756;1;0
0.87804878;False;gini;24;sqrt;733;0.000531891;0.055339443;126;1;0
0.985365854;False;log_loss;31;log2;366;0.004544268;0.008303465;122;1;0
0.843902439;False;entropy;58;sqrt;990;0.025171427;0.00671425;796;1;0
0.804878049;True;log_loss;19;log2;297;0.032009501;0.001715658;618;1;0
0.907317073;True;log_loss;53;log2;147;0.005165133;0.006821892;385;1;0
0.804878049;False;entropy;14;log2;568;0.122871436;0.005105562;443;1;0
0.985365854;True;log_loss;47;log2;114;0.000713316;0.000151081;240;1;0
0.780487805;True;log_loss;73;;447;0.075274907;0.021086933;745;1;0
0.887804878;False;gini;5;log2;158;0.000274721;0.018719083;220;1;0
0.985365854;False;log_loss;57;sqrt;587;0.000203146;0.000131754;730;1;0
0.985365854;False;log_loss;69;sqrt;758;0.000293573;0.004227549;641;1;0
0.502439024;True;entropy;29;;546;0.000186118;0.867686602;983;1;0
0.975609756;True;log_loss;58;sqrt;222;0.00013273;0.011532444;108;1;0
0.8;True;entropy;75;sqrt;501;0.045850489;0.000119349;308;1;0
0.985365854;False;entropy;92;log2;398;0.000217519;0.015285299;664;1;0
0.751219512;True;entropy;22;;758;0.098853057;0.479048043;196;1;0
0.887804878;False;entropy;32;sqrt;458;0.011569948;0.000163945;435;1;0
0.770731707;False;log_loss;10;;447;0.058467564;0.000354896;484;1;0
0.502439024;True;gini;6;;829;0.33678591;0.000180153;180;1;0
0.751219512;False;log_loss;62;;102;0.348727309;0.061607477;83;1;0
0.795121951;False;gini;3;log2;682;0.000250048;0.000285946;408;1;0
0.985365854;True;log_loss;31;sqrt;494;0.002134761;0.002589587;778;1;0
0.985365854;False;entropy;91;log2;611;0.003452185;0.008397287;644;1;0
0.956097561;True;gini;36;;375;0.002801424;0.004268676;280;1;0
0.809756098;True;entropy;77;sqrt;203;0.108271274;0.11117664;143;1;0
0.985365854;False;entropy;31;sqrt;251;0.001109496;0.016659943;366;1;0
0.751219512;False;gini;4;;421;0.35392469;0.058527182;682;1;0
0.751219512;False;log_loss;27;;989;0.001693456;0.790368083;821;1;0
0.502439024;True;log_loss;8;;716;0.073108517;0.653316773;250;1;0
0.72195122;True;log_loss;5;sqrt;820;0.300825211;0.095892273;410;1;0
0.502439024;True;log_loss;82;;779;0.218068452;0.806265318;577;1;0
0.853658537;False;gini;7;log2;187;0.022134713;0.000369071;679;1;0
0.985365854;True;entropy;95;log2;886;0.001360525;0.004328527;262;1;0
0.946341463;False;entropy;70;sqrt;405;0.006150665;0.002432714;676;1;0
0.926829268;True;log_loss;35;log2;441;0.001254851;0.019514945;837;1;0
0.795121951;False;log_loss;12;log2;593;0.068353245;0.00064195;231;1;0
0.907317073;False;log_loss;18;sqrt;330;0.003431356;0.033709306;935;1;0
0.917073171;True;log_loss;84;sqrt;525;0.005066936;0.000742513;355;1;0
0.751219512;False;entropy;56;;262;0.323517968;0.017597869;717;1;0
0.985365854;True;log_loss;82;log2;804;0.001609902;0.001586731;530;1;0
0.8;True;gini;85;;482;0.002051303;0.274546518;369;1;0
0.780487805;True;entropy;15;log2;921;0.216087492;0.556997865;319;1;0
0.502439024;True;entropy;30;log2;158;0.41871398;0.021033433;249;1;0
0.819512195;False;log_loss;1;sqrt;602;0.007643738;0.006694684;530;1;0
0.985365854;False;log_loss;20;log2;626;0.000674101;0.012428194;507;1;0
0.819512195;True;entropy;14;sqrt;495;0.015489366;0.427604943;392;1;0
0.985365854;True;gini;23;sqrt;77;0.000138645;0.00065151;878;1;0
0.775609756;False;gini;99;;982;0.041173203;0.019231591;777;1;0
0.912195122;True;gini;58;;26;0.0013069;0.00232332;166;1;0
0.8;False;log_loss;32;log2;647;0.058473569;0.000122695;506;1;0
0.8;False;gini;12;sqrt;151;0.011101088;0.436351789;400;1;0
0.502439024;True;log_loss;75;log2;511;0.464599253;0.000150144;570;1;0
0.848780488;False;log_loss;97;sqrt;290;0.021929583;0.002362446;25;1;0
0.819512195;False;log_loss;91;log2;237;0.002838734;0.116877398;702;1;0
0.970731707;True;gini;78;sqrt;423;0.00301956;0.007199026;150;1;0
0.926829268;True;entropy;50;sqrt;109;0.000104367;0.020297591;147;1;0
0.985365854;False;entropy;83;sqrt;753;0.002086795;0.000660959;855;1;0
0.92195122;True;gini;13;;960;0.005797575;0.000132057;496;1;0
0.790243902;False;log_loss;60;log2;554;0.063120311;0.000665856;156;1;0
0.829268293;False;entropy;99;log2;530;0.010418685;0.1639797;643;1;0
0.858536585;False;log_loss;81;;357;0.00622829;0.035850067;422;1;0
0.780487805;False;log_loss;55;;532;0.040318652;0.080587126;142;1;0
0.814634146;False;entropy;39;sqrt;774;0.004609413;0.542852682;903;1;0
0.985365854;True;entropy;53;sqrt;780;0.000263209;0.000156316;238;1;0
0.868292683;False;log_loss;40;log2;812;0.00010142;0.079066886;659;1;0
0.814634146;True;entropy;30;log2;930;0.012905581;0.578890121;814;1;0
0.804878049;False;gini;13;log2;573;0.096351216;0.002610317;958;1;0
0.804878049;False;entropy;19;sqrt;678;0.100057516;0.00060909;306;1;0
0.912195122;True;log_loss;23;sqrt;944;0.000566314;0.025059266;524;1;0
0.809756098;False;entropy;95;log2;803;0.09089446;0.658018126;624;1;0
0.795121951;False;log_loss;28;log2;571;0.340983762;0.000444455;156;1;0
0.809756098;False;log_loss;84;log2;153;0.001572815;0.808597501;619;1;0
0.985365854;False;entropy;25;log2;870;0.001183242;0.000144445;151;1;0
0.985365854;True;entropy;88;log2;833;0.000112048;0.008022387;977;1;0
0.956097561;False;log_loss;35;;162;0.00193534;0.002334176;622;1;0
0.751219512;True;gini;98;;552;0.24573309;0.003919523;932;1;0
0.502439024;True;log_loss;4;;664;0.446066742;0.016420996;189;1;0
0.824390244;True;log_loss;51;log2;844;0.000386482;0.090307316;579;1;0
0.92195122;True;entropy;26;log2;726;0.004535587;0.000687109;147;1;0
0.673170732;False;entropy;40;;272;0.024197142;0.225353761;137;1;0
0.775609756;True;entropy;10;;224;0.058862594;0.000219582;96;1;0
0.809756098;True;log_loss;59;sqrt;632;0.012085334;0.631379216;632;1;0
0.829268293;True;entropy;47;log2;670;0.054918469;0.245344096;816;1;0
0.887804878;False;log_loss;47;log2;731;0.012925292;0.00039465;426;1;0
0.843902439;False;gini;34;;205;0.000187977;0.041558753;974;1;0
0.941463415;False;log_loss;71;;492;0.000457246;0.01113831;498;1;0
0.731707317;True;log_loss;35;sqrt;527;0.296129767;0.000329175;988;1;0
0.985365854;False;log_loss;36;log2;295;0.004428239;0.002666068;69;1;0
0.790243902;True;log_loss;2;;861;0.001424963;0.015643163;321;1;0
0.965853659;False;entropy;67;sqrt;44;0.001882585;0.000600089;234;1;0
0.985365854;False;log_loss;84;sqrt;808;0.00016906;0.001763774;691;1;0
0.985365854;True;gini;9;log2;401;0.000102581;0.000116973;928;1;0
0.804878049;False;log_loss;11;log2;719;0.06924445;0.002442547;901;1;0
0.858536585;False;entropy;69;sqrt;755;0.018811452;0.000226328;145;1;0
0.809756098;True;log_loss;1;log2;284;0.001891094;0.157780784;277;1;0
0.985365854;True;gini;35;log2;743;0.000894474;0.000501038;787;1;0
0.985365854;True;entropy;83;;943;0.000140688;0.002280164;944;1;0
0.985365854;False;log_loss;92;sqrt;578;0.000740585;0.004429353;511;1;0
0.829268293;False;gini;82;log2;11;0.005835398;0.273598672;607;1;0
0.985365854;False;gini;30;log2;380;0.000272519;0.003504542;744;1;0
0.985365854;False;gini;84;log2;515;0.001117956;0.005381605;110;1;0
0.975609756;False;entropy;41;sqrt;693;0.000543729;0.018935891;420;1;0
0.668292683;False;gini;65;;546;0.003091493;0.216004454;961;1;0
0.502439024;True;log_loss;64;;602;0.41931605;0.010444334;733;1;0
0.892682927;False;gini;54;sqrt;936;0.000167134;0.04782159;550;1;0
0.882926829;False;gini;95;;32;0.00269581;0.000159484;923;1;0
0.795121951;False;entropy;25;log2;870;0.105558242;0.078308982;703;1;0
0.970731707;True;gini;12;log2;558;0.001432192;0.0017929;406;1;0
0.985365854;True;entropy;35;;690;0.002428293;0.000160784;580;1;0
0.790243902;True;log_loss;45;;26;0.097680781;0.268330676;260;1;0
0.970731707;True;gini;28;;842;0.000339719;0.011052106;542;1;0
0.970731707;True;gini;76;log2;562;0.001672154;0.006738003;470;1;0
0.887804878;True;log_loss;85;log2;578;0.007903482;0.005469875;339;1;0
0.970731707;True;entropy;50;sqrt;476;0.002065154;0.000175671;40;1;0
0.795121951;False;gini;84;sqrt;545;0.033840307;0.3160605;91;1;0
0.829268293;True;gini;38;sqrt;782;0.030217024;0.165419048;127;1;0
0.502439024;True;entropy;10;log2;923;0.037910909;0.930304103;176;1;0
0.814634146;True;log_loss;71;sqrt;7;0.030080361;0.040154529;138;1;0
0.848780488;False;gini;24;log2;23;0.020391537;0.000124349;829;1;0
0.83902439;False;log_loss;28;;40;0.017163121;0.009498405;181;1;0
0.819512195;True;entropy;8;log2;180;0.002069433;0.100913265;504;1;0
0.985365854;False;gini;94;log2;532;0.000472347;0.000184529;540;1;0
0.907317073;False;entropy;92;sqrt;160;0.001857133;0.036615352;382;1;0
0.502439024;True;entropy;66;sqrt;13;0.35918925;0.010854341;826;1;0
0.848780488;False;gini;60;log2;134;0.005441899;0.074520972;732;1;0
0.790243902;True;log_loss;35;;829;0.009231311;0.157177273;867;1;0
0.67804878;False;gini;33;;910;0.108736007;0.028889071;583;1;0
0.804878049;False;log_loss;97;log2;416;0.307253872;0.044280931;672;1;0
0.809756098;True;gini;54;log2;879;0.05766146;0.02709375;187;1;0
0.795121951;False;gini;80;;112;0.000202589;0.102626066;132;1;0
0.931707317;False;gini;67;log2;737;0.004228523;0.014094031;267;1;0
0.502439024;True;entropy;35;log2;417;0.355540443;0.000128712;134;1;0
0.868292683;True;gini;31;sqrt;814;0.007174388;0.015301782;660;1;0
0.985365854;False;gini;12;log2;774;0.000743034;0.002066076;762;1;0
0.926829268;False;entropy;62;log2;116;0.000347167;0.036305371;218;1;0
0.751219512;True;entropy;46;;306;0.298870608;0.000428761;893;1;0
0.751219512;False;entropy;15;;64;0.121776471;0.903108721;10;1;0
0.843902439;True;entropy;40;log2;189;0.013927267;0.000807346;829;1;0
0.790243902;False;log_loss;3;;701;0.000729498;0.080833802;19;1;0
0.834146341;True;gini;99;log2;97;0.003138516;0.142633375;55;1;0
0.834146341;False;entropy;16;log2;404;0.00034222;0.120274743;444;1;0
0.8;False;log_loss;48;;466;0.038455574;0.000163402;940;1;0
0.668292683;False;gini;83;;595;0.000385228;0.222736048;873;1;0
0.8;True;gini;43;;543;0.002790974;0.080917502;1000;1;0
0.814634146;True;log_loss;33;log2;629;0.018330636;0.128852344;500;1;0
0.804878049;False;log_loss;60;sqrt;355;0.320104066;0.000739932;691;1;0
0.907317073;False;log_loss;75;;595;0.002672785;0.00167816;839;1;0
0.804878049;False;entropy;10;log2;350;0.266399813;0.001756147;193;1;0
0.741463415;True;entropy;100;;621;0.308920394;0.005338004;374;1;0
0.858536585;True;entropy;96;log2;589;0.000290043;0.047975925;464;1;0
0.751219512;False;log_loss;67;;551;0.218893287;0.022837885;880;1;0
0.819512195;False;log_loss;77;sqrt;762;0.005453679;0.991036993;148;1;0
0.790243902;True;log_loss;70;sqrt;316;0.140756105;0.000454805;607;1;0
0.946341463;False;gini;84;;702;0.000301792;0.013307023;508;1;0
0.829268293;True;gini;5;log2;117;0.006479986;0.152641047;756;1;0
0.985365854;False;gini;34;log2;616;0.000285708;0.002769471;974;1;0
0.824390244;False;gini;79;sqrt;230;0.000171173;0.235067337;36;1;0
0.824390244;True;gini;83;log2;253;0.005143381;0.555894961;777;1;0
0.985365854;False;log_loss;47;sqrt;56;0.000104345;0.00130559;251;1;0
0.92195122;True;log_loss;34;;594;0.000155469;0.015728947;45;1;0
0.795121951;True;log_loss;37;;38;0.026259156;0.036628176;365;1;0
0.809756098;False;entropy;44;log2;395;0.061083125;0.154993797;333;1;0
0.829268293;True;entropy;70;log2;917;0.036197536;0.255987126;791;1;0
0.790243902;False;log_loss;46;sqrt;956;0.215425297;0.000244441;47;1;0
0.819512195;True;log_loss;47;sqrt;928;0.107355141;0.002031958;357;1;0
0.87804878;True;gini;48;log2;974;0.006499742;0.006442276;101;1;0
0.834146341;False;log_loss;64;log2;73;0.000326487;0.216366721;262;1;0
0.985365854;False;gini;50;sqrt;275;0.000284703;0.000733846;242;1;0
0.751219512;True;entropy;41;sqrt;814;0.253934924;0.001194052;65;1;0
0.946341463;True;gini;45;log2;821;0.000388486;0.009329778;85;1;0
0.985365854;True;gini;59;sqrt;434;0.000277673;0.00772937;337;1;0
0.985365854;False;gini;97;sqrt;559;0.001046693;0.000142967;64;1;0
0.946341463;False;entropy;56;;98;0.001123427;0.009473825;369;1;0
0.946341463;False;log_loss;38;;393;0.001581641;0.005582261;968;1;0
0.902439024;False;log_loss;49;log2;940;0.00907511;0.004496341;75;1;0
0.985365854;True;entropy;91;log2;714;0.000419565;0.001409677;108;1;0
0.985365854;False;entropy;82;log2;517;0.000930015;0.000135355;469;1;0
0.892682927;True;entropy;51;;170;0.004384255;0.025517778;281;1;0
0.712195122;False;entropy;58;;173;0.190480184;0.000586733;590;1;0
0.712195122;False;gini;30;;30;0.14651823;0.399244561;998;1;0
0.985365854;False;gini;20;sqrt;543;0.000142548;0.000109973;159;1;0
0.985365854;True;gini;42;log2;893;0.000711136;0.007403122;923;1;0
0.780487805;True;log_loss;86;;872;0.076319408;0.000175481;844;1;0
0.956097561;True;entropy;79;log2;786;0.000101175;0.011069;465;1;0
0.834146341;True;gini;84;log2;834;0.020242799;0.003912066;602;1;0
0.917073171;True;entropy;48;;622;0.001925885;0.023656312;270;1;0
0.848780488;False;gini;7;;24;0.001711401;0.023790664;422;1;0
0.814634146;True;log_loss;19;sqrt;453;0.035081009;0.005545173;203;1;0
0.726829268;False;entropy;59;sqrt;936;0.469771499;0.010982002;392;1;0
0.819512195;True;entropy;34;log2;476;0.000909921;0.373833724;50;1;0
0.853658537;True;gini;35;sqrt;570;0.00019797;0.049090827;19;1;0
0.8;False;gini;41;log2;116;0.177143106;0.003706676;670;1;0
0.985365854;True;log_loss;29;log2;315;0.000226554;0.000364616;331;1;0
0.824390244;True;gini;65;sqrt;647;0.001146791;0.090310249;664;1;0
0.83902439;False;gini;97;sqrt;896;0.027532559;0.014505269;635;1;0
0.863414634;False;log_loss;96;log2;735;0.016795912;0.00185456;183;1;0
0.502439024;True;entropy;65;log2;684;0.00132762;0.784699454;875;1;0
0.926829268;False;entropy;57;sqrt;172;0.00017596;0.028145486;932;1;0
0.843902439;False;log_loss;40;sqrt;862;0.022252255;0.000772222;129;1;0
0.975609756;True;log_loss;47;;586;0.000121425;0.009668174;990;1;0
0.741463415;False;gini;25;;665;0.090634371;0.012389072;145;1;0
0.965853659;False;gini;39;log2;665;0.005035009;0.004632471;1000;1;0
0.824390244;True;log_loss;51;sqrt;436;0.076844993;0.528850917;819;1;0
0.795121951;False;gini;11;log2;83;0.117952017;0.000570683;645;1;0
0.829268293;False;entropy;50;sqrt;146;0.002246456;0.388120576;208;1;0
0.502439024;True;entropy;47;;556;0.220551819;0.700443346;897;1;0
0.8;True;gini;4;sqrt;342;0.21656876;0.001682891;816;1;0
0.8;False;log_loss;63;sqrt;785;0.060709303;0.017138749;899;1;0
0.819512195;True;gini;44;sqrt;443;0.011318685;0.294688568;908;1;0
0.926829268;True;entropy;58;log2;490;0.003624669;0.014653052;800;1;0
0.985365854;True;entropy;45;sqrt;607;0.000133367;0.003934409;526;1;0
0.8;False;log_loss;17;sqrt;212;0.069807907;0.096330008;627;1;0
0.985365854;True;log_loss;55;sqrt;533;0.00012434;0.001423119;346;1;0
0.785365854;True;entropy;66;;712;0.047896329;0.006695045;35;1;0
0.946341463;False;log_loss;40;sqrt;764;0.003278413;0.022799761;780;1;0
0.946341463;True;entropy;42;log2;730;0.003822899;0.00019846;294;1;0
0.795121951;True;log_loss;94;log2;579;0.033381715;0.000890431;848;1;0
0.985365854;False;entropy;48;log2;960;0.000625547;0.003212057;676;1;0
0.843902439;False;log_loss;5;;526;0.001669277;0.001190054;543;1;0
0.668292683;False;gini;9;;919;0.000105327;0.256766283;873;1;0
0.83902439;False;log_loss;92;sqrt;97;0.026044869;0.003507191;832;1;0
0.985365854;True;entropy;18;sqrt;489;0.000372542;0.000894656;718;1;0
0.926829268;False;log_loss;59;sqrt;512;0.008125303;0.015205597;646;1;0
0.912195122;False;log_loss;37;sqrt;102;0.008797286;0.026654261;40;1;0
0.985365854;True;log_loss;51;sqrt;184;0.001409762;0.005479033;506;1;0
0.829268293;True;log_loss;77;sqrt;707;0.058229678;0.147881384;62;1;0
0.907317073;False;log_loss;19;sqrt;295;0.002431621;0.044911186;563;1;0
0.985365854;False;log_loss;19;sqrt;512;0.000396887;0.003974839;725;1;0
0.892682927;False;entropy;29;;925;0.005640784;0.004607872;100;1;0
0.814634146;True;entropy;37;log2;729;0.150980395;0.345083406;213;1;0
0.829268293;False;log_loss;62;sqrt;966;0.033654081;0.151504046;152;1;0
0.809756098;True;entropy;60;sqrt;560;0.062131507;0.032782673;299;1;0
0.809756098;False;gini;34;sqrt;64;0.018563598;0.13824627;604;1;0
0.712195122;True;gini;38;sqrt;488;0.299254455;0.004628766;766;1;0
0.814634146;False;entropy;77;log2;148;0.095970802;0.000174995;808;1;0
0.751219512;True;entropy;36;;115;0.000169915;0.385188384;131;1;0
0.868292683;False;entropy;38;log2;681;0.015944469;0.035934414;514;1;0
0.819512195;True;log_loss;18;log2;143;0.191886545;0.043262069;838;1;0
0.834146341;False;gini;86;log2;135;0.001738051;0.204137659;48;1;0
0.8;True;gini;14;log2;131;0.094706109;0.062431931;624;1;1
0.834146341;True;entropy;36;log2;594;0.036566385;0.000949598;158;1;1
0.819512195;True;gini;18;;407;0.02827099;0.113044243;281;1;1
0.76097561;True;log_loss;72;;770;0.120976104;0.000856294;469;1;1
1;False;entropy;99;sqrt;187;0.00188803;0.000782239;790;1;1
0.965853659;False;log_loss;57;;686;0.000124549;0.017408179;752;1;1
0.83902439;False;entropy;30;sqrt;749;0.067031966;0.017135969;733;1;1
0.985365854;False;gini;13;sqrt;366;0.004555682;0.00023595;47;1;1
0.824390244;True;log_loss;28;sqrt;708;0.053118227;0.004439475;213;1;1
0.892682927;False;gini;53;;661;0.007480161;0.011513213;734;1;1
0.985365854;False;log_loss;50;log2;250;0.005728161;0.004155502;945;1;1
0.975609756;True;log_loss;22;sqrt;907;0.005502726;0.000163189;920;1;1
0.985365854;True;gini;92;;379;0.000972911;0.004479719;190;1;1
0.8;False;gini;22;sqrt;544;0.216357307;0.0479362;64;1;1
0.868292683;True;gini;89;;961;0.013660905;0.016363582;85;1;1
0.858536585;False;entropy;4;log2;621;0.000200796;0.012659729;282;1;1
0.980487805;True;gini;37;log2;977;0.003186541;0.00040028;640;1;1
0.8;False;entropy;8;sqrt;233;0.210381961;0.000319794;757;1;1
0.765853659;True;log_loss;76;;215;0.300089937;0.274764604;854;1;1
0.76097561;True;gini;73;sqrt;773;0.25671576;0.400649292;263;1;1
0.843902439;True;gini;95;sqrt;7;0.000501313;0.014015436;616;1;1
0.790243902;False;log_loss;61;log2;369;0.257935131;0.204364145;313;1;1
0.941463415;False;log_loss;91;;96;0.003783208;0.014269325;44;1;1
1;True;gini;56;;883;0.000504088;0.000619337;693;1;1
0.843902439;False;entropy;37;log2;542;0.064535952;0.053060449;994;1;1
0.965853659;False;gini;7;sqrt;276;0.000513183;0.000116045;459;1;1
0.897560976;True;log_loss;76;log2;433;0.012868174;0.032336714;714;1;1
0.975609756;False;entropy;23;log2;104;0.009074722;0.008605882;256;1;1
0.502439024;True;log_loss;52;log2;543;0.000246816;0.712602995;43;1;1
0.868292683;False;entropy;36;log2;454;0.005970214;0.180223626;687;1;1
0.765853659;True;gini;78;sqrt;547;0.314041221;0.199222073;141;1;1
0.765853659;False;log_loss;12;;308;0.004536484;0.519528594;538;1;1
0.8;True;entropy;2;sqrt;686;0.006144834;0.001243531;529;1;1
1;True;log_loss;11;log2;900;0.000371591;0.00083289;754;1;1
0.746341463;True;log_loss;81;;594;0.205490987;0.000157571;438;1;1
0.985365854;True;entropy;67;log2;147;0.002421193;0.009380712;817;1;1
0.795121951;False;entropy;2;log2;647;0.053497226;0.186836291;83;1;1
1;True;log_loss;66;log2;246;0.001187998;0.000358824;545;1;1
0.965853659;False;gini;24;log2;555;0.00783033;0.022771953;925;1;1
0.897560976;False;gini;84;log2;818;0.003840724;0.046303113;14;1;1
0.897560976;False;log_loss;50;sqrt;690;0.000286819;0.092193901;408;1;1
0.985365854;False;gini;86;log2;576;0.000278017;0.001391927;27;1;1
0.765853659;False;entropy;56;;499;0.041816984;0.682716422;565;1;1
0.814634146;False;log_loss;74;log2;191;0.132749639;0.000660605;972;1;1
0.824390244;False;gini;51;;680;0.03220603;0.020705559;764;1;1
0.985365854;False;log_loss;46;log2;522;0.000143097;0.029429914;882;1;1
0.834146341;True;log_loss;90;;9;0.040082758;0.002950402;736;1;1
0.814634146;True;log_loss;64;;708;0.001305326;0.193369466;157;1;1
0.829268293;True;log_loss;48;sqrt;368;0.035757106;0.043018206;856;1;1
1;True;entropy;51;sqrt;243;0.000258605;0.006984977;642;1;1
1;True;log_loss;21;sqrt;500;0.000280847;0.000142794;786;1;1
0.790243902;False;entropy;2;sqrt;42;0.002891178;0.066438544;620;1;1
1;True;gini;34;sqrt;975;0.00032335;0.005286073;890;1;1
0.795121951;False;log_loss;99;;673;0.168519258;0.000299687;198;1;1
0.824390244;False;gini;52;;590;0.027853695;0.000195866;196;1;1
0.941463415;True;gini;53;log2;41;0.005617813;0.002070183;654;1;1
1;True;gini;58;;862;0.001081595;0.00134093;531;1;1
0.829268293;True;gini;85;;729;0.001586839;0.197973812;577;1;1
0.975609756;True;entropy;24;;708;0.000382982;0.01369893;572;1;1
0.809756098;False;gini;7;log2;177;0.026198412;0.678721336;46;1;1
0.887804878;False;entropy;99;sqrt;801;0.000217196;0.121982063;226;1;1
0.765853659;True;log_loss;26;log2;859;0.161634898;0.455395901;273;1;1
0.785365854;True;log_loss;27;log2;312;0.000395304;0.427901791;646;1;1
0.83902439;False;gini;71;log2;499;0.000191869;0.310545306;875;1;1
0.87804878;True;gini;10;log2;79;0.017424791;0.000580103;272;1;1
0.775609756;True;entropy;13;sqrt;22;0.004204745;0.443853654;68;1;1
0.907317073;False;entropy;10;;57;0.005811566;0.042704016;754;1;1
0.956097561;True;log_loss;19;;506;0.003284999;0.012888034;93;1;1
0.819512195;False;entropy;3;log2;621;0.005049682;0.002370463;315;1;1
0.941463415;False;log_loss;44;log2;384;0.013133367;0.016628033;298;1;1
0.809756098;False;gini;44;log2;697;0.139532132;0.135915512;932;1;1
0.868292683;True;log_loss;94;log2;383;0.024778538;0.002912191;915;1;1
1;False;log_loss;83;log2;174;0.001956912;0.000456175;231;1;1
0.975609756;False;gini;75;;150;0.000151938;0.007795822;664;1;1
1;False;log_loss;21;log2;329;0.00041815;0.005631917;226;1;1
0.765853659;False;entropy;43;;166;0.296246484;0.000169559;574;1;1
0.848780488;False;entropy;39;sqrt;413;0.000425568;0.247850892;427;1;1
0.985365854;False;log_loss;86;sqrt;236;0.001227894;0.019618517;112;1;1
0.834146341;False;entropy;36;sqrt;957;0.161841901;0.131870521;13;1;1
0.756097561;True;log_loss;48;log2;936;0.206253537;0.018931208;530;1;1
0.985365854;True;gini;17;sqrt;750;0.000103127;0.010239124;492;1;1
0.502439024;True;gini;78;sqrt;68;0.458385397;0.664325628;277;1;1
0.614634146;True;gini;35;log2;188;0.318725601;0.550533499;444;1;1
1;False;gini;19;;158;0.000185357;0.001318809;227;1;1
0.985365854;True;entropy;87;;751;0.002061852;0.000218729;413;1;1
1;True;gini;29;sqrt;576;0.000544357;0.005258601;237;1;1
0.897560976;True;gini;29;;385;0.003552462;0.046931539;473;1;1
0.985365854;False;log_loss;68;log2;746;0.001964478;0.029952827;88;1;1
0.912195122;False;log_loss;23;log2;287;0.018093902;0.00995953;386;1;1
0.829268293;False;entropy;99;sqrt;710;0.066909572;0.204171847;303;1;1
0.824390244;False;gini;56;;586;0.011538534;0.1297425;966;1;1
0.814634146;True;log_loss;8;sqrt;771;0.037487552;0.122329132;193;1;1
0.882926829;True;entropy;40;log2;485;0.000125574;0.070687081;709;1;1
0.765853659;False;entropy;59;;499;0.000112236;0.381404291;641;1;1
0.824390244;False;log_loss;94;sqrt;576;0.07853021;0.006026614;321;1;1
0.907317073;False;gini;78;sqrt;58;0.015433072;0.007555007;129;1;1
0.502439024;True;entropy;78;;763;0.351419308;0.002041946;349;1;1
0.502439024;True;entropy;9;log2;87;0.001485549;0.722337126;647;1;1
0.980487805;True;entropy;58;log2;505;0.001838517;0.015360207;421;1;1
0.941463415;False;entropy;94;;788;0.007712768;0.011582432;1000;1;1
0.897560976;False;entropy;86;sqrt;66;0.025629393;0.007993646;226;1;1
0.814634146;True;entropy;4;log2;389;0.045705899;0.203756014;955;1;1
0.756097561;False;log_loss;80;;283;0.40200627;0.028366869;965;1;1
0.804878049;True;gini;70;sqrt;956;0.000112627;0.288792351;757;1;1
1;False;log_loss;11;sqrt;442;0.000586848;0.016915457;601;1;1
0.985365854;True;gini;16;sqrt;72;0.000113177;0.011605002;523;1;1
0.819512195;False;gini;28;;985;0.066082036;0.019939021;626;1;1
0.8;False;gini;2;log2;444;0.040802331;0.002632187;871;1;1
0.946341463;True;entropy;96;;947;0.008398608;0.000312671;780;1;1
1;True;entropy;15;log2;363;0.00185853;0.00066818;374;1;1
0.882926829;False;gini;17;;23;0.011919765;0.002270654;575;1;1
0.985365854;True;gini;70;log2;152;0.000978638;0.011922215;686;1;1
0.868292683;False;gini;84;log2;50;0.010411516;0.090625781;866;1;1
0.780487805;True;log_loss;17;sqrt;484;0.145479804;0.109158503;326;1;1
0.892682927;False;gini;57;sqrt;602;0.024236962;0.006597903;117;1;1
1;False;log_loss;49;sqrt;239;0.000770334;0.000288123;399;1;1
0.868292683;False;gini;9;;195;0.001807697;0.077440039;393;1;1
0.985365854;False;log_loss;75;sqrt;609;0.005447677;0.006527537;526;1;1
0.819512195;True;gini;11;;690;0.046651415;0.000326822;731;1;1
0.770731707;False;log_loss;76;log2;818;0.248319426;0.745308173;251;1;1
0.814634146;True;entropy;98;log2;139;0.07199751;0.129994209;236;1;1
0.746341463;True;log_loss;63;;589;0.213716541;0.005933989;896;1;1
0.756097561;False;gini;37;;321;0.4417472;0.004605071;369;1;1
0.96097561;False;log_loss;20;;585;0.006951725;0.01803892;155;1;1
1;False;entropy;19;log2;816;0.000171319;0.000116538;614;1;1
1;False;log_loss;34;;552;0.00057524;0.001032294;485;1;1
0.975609756;False;entropy;79;log2;668;0.00864112;0.005146886;629;1;1
0.765853659;False;entropy;1;;843;0.068462742;0.042835506;843;1;1
0.824390244;False;gini;47;sqrt;328;0.078900943;0.000687388;534;1;1
0.868292683;False;gini;86;log2;242;0.017821292;0.110802089;625;1;1
0.936585366;False;log_loss;28;sqrt;206;0.001450281;0.052680811;179;1;1
1;True;log_loss;58;;817;0.000427389;0.000171892;229;1;1
0.83902439;True;entropy;40;;395;0.026494549;0.049225109;554;1;1
0.985365854;False;gini;19;sqrt;102;0.000429262;0.000246567;571;1;1
0.502439024;True;entropy;33;sqrt;733;0.063371278;0.933801682;29;1;1
0.858536585;False;gini;51;log2;280;0.000112035;0.236243388;431;1;1
0.951219512;True;gini;38;log2;837;0.005242597;0.013246044;870;1;1
0.756097561;False;entropy;41;;588;0.363359284;0.115013309;926;1;1
0.804878049;False;log_loss;59;sqrt;664;0.174603171;0.007952598;909;1;1
0.819512195;False;gini;48;;346;0.082123008;0.00152898;566;1;1
0.765853659;False;entropy;29;;743;0.199755468;0.005045451;924;1;1
0.868292683;True;entropy;22;sqrt;718;0.023287497;0.046780477;950;1;1
0.946341463;False;log_loss;16;sqrt;810;0.001400135;0.050519843;694;1;1
0.848780488;False;entropy;77;sqrt;526;0.055723545;0.013857539;375;1;1
0.819512195;False;log_loss;45;;270;0.087845154;0.004278222;389;1;1
0.814634146;True;entropy;40;log2;893;0.067119871;0.007907719;857;1;1
0.795121951;False;log_loss;34;;83;0.175358072;0.020378819;259;1;1
0.956097561;True;entropy;8;log2;907;0.002190236;0.000284797;536;1;1
0.809756098;True;entropy;26;;317;0.073763776;0.000536677;704;1;1
0.814634146;True;log_loss;52;log2;218;0.068043901;0.000117268;500;1;1
0.985365854;True;entropy;63;sqrt;716;0.000180984;0.010554226;471;1;1
0.956097561;True;entropy;23;;317;0.000386158;0.02414529;771;1;1
0.83902439;True;gini;83;log2;703;0.002054432;0.151875965;407;1;1
0.970731707;False;log_loss;15;sqrt;942;0.001037453;0.042592212;570;1;1
0.829268293;False;log_loss;67;log2;935;0.000288174;0.370187148;838;1;1
0.907317073;False;entropy;19;;262;0.015119879;0.003859867;973;1;1
0.92195122;False;entropy;20;;467;0.001997672;0.041811117;915;1;1
0.819512195;False;entropy;51;;139;0.083809459;0.000305565;816;1;1
0.941463415;True;entropy;16;log2;280;0.006293944;0.001214162;598;1;1
0.8;False;entropy;75;sqrt;410;0.294855545;0.020103819;764;1;1
0.741463415;False;entropy;34;;703;0.326450658;0.001137463;216;1;1
0.751219512;False;entropy;9;log2;921;0.34628177;0.021120405;599;1;1
0.814634146;False;log_loss;38;log2;96;0.09878387;0.000124297;233;1;1
0.756097561;False;log_loss;98;log2;274;0.399586596;0.067608066;575;1;1
0.765853659;True;log_loss;21;;880;0.289256105;0.024037958;472;1;1
0.985365854;True;entropy;95;sqrt;464;0.003285133;0.003017829;653;1;1
0.824390244;False;entropy;41;log2;986;0.139034737;0.023143318;709;1;1
0.829268293;True;log_loss;60;log2;696;0.047027417;0.075758943;422;1;1
0.985365854;False;gini;88;sqrt;697;0.000873523;0.000246977;489;1;1
0.970731707;False;entropy;91;sqrt;47;0.000172692;0.038027302;492;1;1
0.795121951;False;log_loss;77;sqrt;631;0.2607739;0.01623155;278;1;1
0.985365854;False;gini;16;sqrt;74;0.000559521;0.029080773;202;1;1
0.907317073;False;entropy;56;;758;0.015074923;0.007449645;564;1;1
1;False;entropy;57;;92;0.000140182;0.006411437;115;1;1
0.980487805;True;log_loss;84;sqrt;311;0.004702909;0.002083622;425;1;1
0.951219512;False;log_loss;58;sqrt;147;0.007845648;0.035917268;887;1;1
1;False;entropy;15;sqrt;660;0.000913766;0.001729872;727;1;1
0.765853659;False;log_loss;14;;332;0.005951719;0.653374;218;1;1
1;True;entropy;68;sqrt;850;0.00017876;0.002771417;151;1;1
0.897560976;True;entropy;65;sqrt;84;0.017037256;0.009279038;849;1;1
0.92195122;True;log_loss;21;log2;853;0.008315568;0.000403154;334;1;1
0.76097561;True;entropy;14;log2;202;0.203413059;0.00086218;581;1;1
0.804878049;True;entropy;19;;807;0.000626148;0.227994079;933;1;1
0.897560976;False;entropy;18;log2;64;0.027505847;0.001269781;576;1;1
1;False;entropy;78;log2;278;0.00010118;0.015833852;916;1;1
0.8;True;entropy;2;sqrt;465;0.122794598;0.015397902;46;1;1
1;False;entropy;46;;297;0.000103106;0.000108796;394;1;1
1;False;entropy;66;sqrt;233;0.000174993;0.023991442;707;1;1
0.502439024;True;log_loss;24;;521;0.364431379;0.016882638;875;1;1
0.824390244;False;entropy;82;;910;0.000187497;0.131185065;378;1;1
0.814634146;True;entropy;12;log2;828;0.078081483;0.118201632;683;1;1
0.980487805;True;entropy;28;;372;0.00301265;0.000177831;672;1;1
0.887804878;False;gini;37;sqrt;353;0.000566925;0.09208654;556;1;1
0.790243902;False;entropy;57;sqrt;798;0.277042299;0.003196506;758;1;1
0.751219512;True;log_loss;15;sqrt;681;0.217407333;0.126085919;279;1;1
0.975609756;False;entropy;12;log2;913;0.00750006;0.006118865;117;1;1
0.917073171;True;entropy;75;sqrt;745;0.011976854;0.000115198;487;1;1
0.892682927;True;gini;12;log2;422;0.002872037;0.052232591;189;1;1
0.502439024;True;gini;31;log2;650;0.35124586;0.000446352;388;1;1
0.985365854;True;entropy;15;log2;803;0.000879386;0.011449862;594;1;1
1;True;entropy;83;sqrt;672;0.000290387;0.000187696;903;1;1
0.824390244;False;entropy;99;;471;0.030462027;0.000103493;627;1;1
0.824390244;True;log_loss;72;;865;0.000112133;0.154242803;10;1;1
1;False;entropy;28;log2;540;0.002130429;0.002296533;175;1;1
0.868292683;True;entropy;34;sqrt;835;0.023523735;0.002654456;320;1;1
0.975609756;False;log_loss;57;log2;134;0.003717416;0.026953093;289;1;1
0.756097561;True;entropy;57;sqrt;602;0.273035605;0.332273032;106;1;1
1;False;log_loss;35;log2;626;0.001211826;0.000937763;864;1;1
0.882926829;True;gini;76;sqrt;275;0.015264261;0.013257169;735;1;1
0.848780488;True;log_loss;55;log2;479;0.029682848;0.018337078;741;1;1
0.975609756;True;gini;34;log2;42;0.003323882;0.000274705;370;1;1
0.819512195;False;entropy;44;;192;0.005515445;0.158421699;163;1;1
0.795121951;False;log_loss;41;sqrt;653;0.229555427;0.001305957;703;1;1
0.770731707;True;log_loss;43;log2;367;0.244976948;0.302870511;296;1;1
1;True;log_loss;24;sqrt;854;0.001137786;0.000105003;605;1;1
0.814634146;True;log_loss;73;sqrt;839;0.087190772;0.002167435;787;1;1
0.887804878;False;log_loss;83;;861;0.003902081;0.046992759;225;1;1
0.765853659;True;gini;10;;364;0.044009665;0.607108194;269;1;1
1;True;log_loss;69;sqrt;293;0.000393755;0.000395468;310;1;1
0.941463415;False;log_loss;18;sqrt;862;0.013750597;0.012093345;364;1;1
0.814634146;True;entropy;71;sqrt;100;0.06257165;0.00146343;442;1;1
0.756097561;False;log_loss;22;log2;100;0.441561619;0.001910295;799;1;1
0.985365854;True;entropy;22;log2;206;0.002008262;0.008133718;876;1;1
0.804878049;True;log_loss;99;;762;0.079291171;0.000200149;318;1;1
0.873170732;False;gini;88;sqrt;550;0.003169946;0.125014278;601;1;1
0.843902439;False;log_loss;54;log2;683;0.047093767;0.000418856;326;1;1
0.790243902;False;log_loss;53;log2;439;0.227401596;0.000356756;521;1;1
0.746341463;True;gini;88;;221;0.127634658;0.124187467;860;1;1
0.824390244;False;entropy;95;;813;0.032644458;0.01184024;327;1;1
0.819512195;False;entropy;26;;495;0.000783117;0.154865572;762;1;1
0.980487805;False;entropy;44;log2;783;0.006290375;0.001448505;112;1;1
0.502439024;True;entropy;60;;448;0.415203207;0.000125902;252;1;1
0.814634146;True;gini;94;log2;749;0.057559286;0.000712548;623;1;1
0.819512195;False;entropy;43;;850;0.009657751;0.201617687;556;1;1
1;False;entropy;65;;136;0.000135591;0.00043165;485;1;1
0.829268293;False;entropy;49;;851;0.000360181;0.25556039;799;1;1
0.936585366;True;log_loss;59;sqrt;661;0.000201397;0.028542104;162;1;1
0.873170732;True;entropy;72;sqrt;157;0.002472317;0.097132004;867;1;1
0.502439024;True;log_loss;39;;100;0.002103099;0.704323779;98;1;1
0.751219512;True;log_loss;84;sqrt;970;0.28602362;0.00234291;395;1;1
0.848780488;False;log_loss;68;sqrt;260;0.000225276;0.313558132;659;1;1
0.892682927;False;gini;98;sqrt;479;0.023659943;0.000125572;84;1;1
0.809756098;True;log_loss;58;sqrt;730;0.002410605;0.298911353;738;1;1
0.765853659;False;entropy;61;;854;0.001813434;0.447641891;872;1;1
0.502439024;True;gini;44;log2;963;0.327732894;0.000568778;285;1;1
0.814634146;True;gini;60;log2;142;0.005262752;0.23647109;272;1;1
0.756097561;False;gini;7;sqrt;313;0.421823476;0.001687779;245;1;1
0.790243902;True;log_loss;65;log2;368;0.183824681;0.000206106;243;1;1
1;False;entropy;55;log2;483;0.001190416;0.002244115;950;1;1
0.824390244;True;log_loss;7;log2;226;0.057952917;0.007259876;350;1;1
0.912195122;False;log_loss;9;log2;163;0.019478524;0.00511111;561;1;1
0.985365854;False;gini;90;log2;339;0.000267846;0.000241959;463;1;1
0.975609756;True;entropy;20;log2;389;0.00543636;0.003653168;30;1;1
1;True;gini;60;log2;999;0.000139256;0.000418382;207;1;1
0.76097561;True;entropy;11;;557;0.031964377;0.329943688;72;1;1
0.502439024;True;log_loss;27;;763;0.38893019;0.014308938;851;1;1
0.897560976;True;log_loss;32;sqrt;408;0.017677907;0.001076965;333;1;1
0.902439024;True;log_loss;54;sqrt;755;0.012900437;0.013443724;40;1;1
0.892682927;False;gini;66;;372;0.008180288;0.029986287;415;1;1
0.829268293;False;log_loss;65;log2;111;0.077067275;0.188738918;730;1;1
0.941463415;True;gini;6;;460;0.000168082;0.022354582;445;1;1
1;False;log_loss;91;sqrt;536;0.002156522;0.001398826;543;1;1
0.756097561;False;gini;30;log2;442;0.407330394;0.000156731;347;1;1
0.87804878;True;log_loss;32;log2;188;0.017577947;0.04160763;415;1;1
0.882926829;True;gini;9;sqrt;228;0.017921807;0.00049537;967;1;1
0.975609756;False;entropy;89;;811;0.001621379;0.00185741;838;1;1
0.804878049;True;gini;27;;418;0.079130771;0.000346645;711;1;1
0.92195122;False;gini;64;log2;820;0.012482424;0.000107239;897;1;1
1;False;log_loss;80;log2;293;0.000107894;0.000110086;944;1;1
1;False;entropy;53;sqrt;646;0.000526947;0.00027959;574;1;1
0.892682927;False;entropy;81;sqrt;128;0.018041732;0.06653338;618;1;1
1;True;log_loss;60;sqrt;263;0.001875742;0.000260406;552;1;1
0.756097561;False;entropy;57;sqrt;322;0.361304212;0.034187799;826;1;1
0.824390244;True;gini;73;sqrt;845;0.042049237;0.008033342;422;1;1
0.819512195;True;entropy;90;;41;0.0449804;0.165920711;573;1;1
1;False;log_loss;52;sqrt;743;0.000104353;0.000171996;343;1;1
1;True;log_loss;62;log2;171;0.000741049;0.005942145;744;1;1
0.829268293;True;entropy;35;;131;0.070966853;0.004818474;13;1;1
0.917073171;True;entropy;77;log2;244;0.000268866;0.037653308;871;1;1
0.819512195;False;entropy;36;;668;0.083929889;0.014009993;840;1;1
0.887804878;False;entropy;56;sqrt;679;0.002802433;0.130501743;109;1;1
0.917073171;True;gini;47;;885;0.006399715;0.000762174;895;1;1
0.980487805;True;log_loss;86;;804;0.002979751;0.001054856;68;1;1
0.863414634;True;entropy;55;sqrt;214;0.023488942;0.004513745;184;1;1
1;False;log_loss;61;;410;0.000243686;0.004274121;412;1;1
0.824390244;False;log_loss;76;sqrt;346;0.083173998;0.120787867;909;1;1
0.931707317;False;log_loss;39;log2;29;0.012990001;0.016850326;681;1;1
0.834146341;False;gini;16;log2;625;0.033322584;0.000180819;28;1;1
0.765853659;True;log_loss;60;;942;0.148788044;0.120036397;779;1;1
0.83902439;True;entropy;73;;892;0.032215617;0.034887021;696;1;1
0.824390244;False;entropy;55;log2;556;0.072578419;0.027233404;398;1;1
0.76097561;True;gini;73;;882;0.127710326;0.000431179;296;1;1
0.980487805;False;log_loss;87;log2;333;0.000896232;0.019342647;13;1;1
0.892682927;False;gini;30;log2;308;0.026393327;0.002950781;584;1;1
0.824390244;False;entropy;6;log2;963;0.004801447;0.388240994;488;1;1
0.765853659;True;gini;91;log2;270;0.256944312;0.053377294;709;1;1
0.965853659;False;log_loss;89;;606;0.0017839;0.017974079;886;1;1
0.946341463;False;gini;13;sqrt;512;0.011265366;0.001968736;263;1;1
1;True;gini;52;;881;0.001119923;0.000412325;868;1;1
1;False;log_loss;98;sqrt;919;0.004028954;0.007933006;243;1;1
0.770731707;True;log_loss;55;sqrt;847;0.000310197;0.496856318;20;1;1
0.795121951;False;log_loss;23;sqrt;911;0.001966989;0.574972699;992;1;1
0.765853659;True;log_loss;16;log2;685;0.241616967;0.002301809;952;1;1
0.848780488;True;log_loss;9;sqrt;580;0.001005347;0.121001122;666;1;1
1;False;log_loss;39;sqrt;929;0.002121337;0.000898232;255;1;1
1;False;gini;10;;49;0.00020635;0.002903332;144;1;1
0.765853659;False;gini;96;;497;0.000498025;0.968648679;124;1;1
0.765853659;False;log_loss;22;;768;0.19253902;0.935544447;590;1;1
0.746341463;False;entropy;86;sqrt;852;0.374605724;0.068540485;687;1;1
0.814634146;True;gini;3;;321;0.044779143;0.010105241;590;1;1
0.795121951;False;entropy;50;log2;356;0.000492998;0.487317865;842;1;1
0.985365854;False;gini;28;log2;693;0.001520075;0.003169768;189;1;1
0.746341463;True;gini;7;;260;0.000569439;0.316571912;928;1;1
1;False;log_loss;27;;884;0.000367623;0.00094322;829;1;1
0.814634146;False;log_loss;52;;340;0.125982689;0.000156284;152;1;1
1;False;log_loss;22;sqrt;777;0.003437518;0.00139212;695;1;1
0.814634146;True;gini;33;log2;729;0.052629062;0.000793179;879;1;1
0.980487805;True;entropy;100;log2;150;0.00480755;0.001339456;467;1;1
0.83902439;True;entropy;9;;389;0.00574028;0.12882417;992;1;1
0.795121951;False;gini;6;sqrt;226;0.064105848;0.682167063;540;1;1
0.756097561;False;gini;94;sqrt;923;0.398533462;0.000254563;645;1;1
0.765853659;True;entropy;97;;265;0.000114208;0.339315284;258;1;1
0.853658537;False;log_loss;42;;153;0.026673495;0.000108134;942;1;1
0.809756098;False;gini;5;sqrt;871;0.122372468;0.00346942;761;1;1
0.819512195;True;entropy;83;log2;592;0.056986753;0.023183073;309;1;1
0.87804878;False;log_loss;45;log2;569;0.035612776;0.000206332;558;1;1
0.502439024;True;entropy;67;log2;61;0.337639356;0.040765576;151;1;1
0.970731707;True;gini;26;sqrt;518;0.003544215;0.001673015;146;1;1
0.975609756;True;entropy;11;;381;0.000216894;0.013490574;678;1;1
0.96097561;False;gini;7;;586;0.000171783;0.005013566;18;1;1
